IATA,AirportName,City_Name,Country_Name,TimeZone,UTC_Offset_Hours,location
NTY,Pilanesberg Intl,Sun City,South Africa,Africa/Johannesburg,2.0,"(-25.333822,27.173358)"
CVN,Clovis Muni,"Clovis, New Mexico",United States of America,America/Denver,-6.0,"(34.425139,-103.079278)"
CVS,Cannon Afb,"Clovis, New Mexico",United States of America,America/Denver,-6.0,"(34.382775,-103.322147)"
SCM,Scammon Bay Airport,"Scammon Bay, Alaska",United States of America,America/Nome,-8.0,"(61.845278,-165.571389)"
KPI,Kapit               ,Kapit,Malaysia,Asia/Kuching,8.0,"(2.017,112.95)"
EGV,Eagle River,"Eagle River, Wisconsin",United States of America,America/Chicago,-5.0,"(45.932333,-89.268283)"
NLF,Darnley Island Airport,Darnley Island,Australia,Australia/Brisbane,10.0,"(-9.58333,143.767)"
YBX,Lourdes De Blanc Sablon Airport,Blanc Sablon,Canada,America/Blanc-Sablon,-4.0,"(51.4436,-57.1853)"
UDJ,Uzhhorod International Airport,Uzhgorod,Ukraine,Europe/Uzhgorod,3.0,"(48.634278,22.263356)"
ANS,Andahuaylas,Andahuaylas,Peru,America/Lima,-5.0,"(-13.706408,-73.350378)"
RAC,John H. Batten Airport,"Racine, Wisconsin",United States of America,America/Mexico_City,-6.0,"(42.7605,-87.8152)"
OKO,Yokota Ab,Tokyo,Japan,Asia/Tokyo,9.0,"(35.748492,139.348483)"
NRT,Narita Intl,Tokyo,Japan,Asia/Tokyo,9.0,"(35.764722,140.386389)"
HND,Tokyo Intl,Tokyo,Japan,Asia/Tokyo,9.0,"(35.552258,139.779694)"
TYQ,TOKYO STA.MARUNOUCHI-KIT,Tokyo,Japan,Asia/Tokyo,9.0,"(35.68083333,139.7675)"
LMJ,Tokyo Bus Station,Tokyo,Japan,Asia/Tokyo,9.0,"(35.6894875,139.6917064)"
RYK,Sheikh Zayed,Rahim Yar Khan,Pakistan,Asia/Karachi,5.0,"(28.3839,70.279572)"
CPB,Capurgana Airport,Capurgana,Colombia,America/Bogota,-5.0,"(8.616667,-77.333333)"
CLL,Easterwood Fld,"College Station, Texas",United States of America,America/Chicago,-5.0,"(30.588583,-96.363833)"
OOM,Cooma Snowy Mountains Airport,Cooma,Australia,Australia/Sydney,10.0,"(-36.3006,148.974)"
VNS,Varanasi,Varanasi,India,Asia/Kolkata,5.5,"(25.452358,82.859342)"
MRD,Alberto Carnevalli,Merida,Venezuela,America/Caracas,-4.0,"(8.582294,-71.161186)"
,Vladimir,Vladimir,Russian Federation,Europe/Moscow,3.0,"(56.09083415,40.26313305)"
ZOS,Canal Bajo Carlos Hott Siebert,Osorno,Chili,America/Santiago,-4.0,"(-40.611208,-73.061042)"
AVI,Maximo Gomez,Ciego De Avila,Cuba,America/Havana,-4.0,"(22.027053,-78.789617)"
PGK,Depati Amir,Pangkalpinang,Indonesia,Asia/Jakarta,7.0,"(-2.1622,106.139064)"
LMP,Lampedusa,Lampedusa,Italy,Europe/Rome,2.0,"(35.497914,12.618083)"
LBX,Lubang Community Airport,Lubang,Philippines,Asia/Manila,8.0,"(13.855833,121.105833)"
VIU,Viru                ,Viru,Solomon Islands,Pacific/Guadalcanal,11.0,"(-8.5,157.683)"
KSY,Kars Airport,Kars,Turkey,Europe/Istanbul,3.0,"(40.562222,43.115002)"
POG,Port Gentil,Port Gentil,Gabon,Africa/Libreville,1.0,"(-0.711739,8.754383)"
BAV,Baotou Airport,Baotou,China,Asia/Chongqing,8.0,"(40.56,109.997)"
UTN,Upington,Upington,South Africa,Africa/Johannesburg,2.0,"(-28.399097,21.260239)"
WUN,Wiluna Airport,Wiluna,Australia,Australia/Perth,8.0,"(-26.6292,120.221)"
YDA,Dawson City,Dawson City,Canada,America/Whitehorse,-7.0,"(64.043056,-139.127778)"
DND,Dundee,Dundee,Great Britain (United Kingdom),Europe/London,1.0,"(56.452499,-3.025833)"
WWT,Newtok Airport,"Newtok, Alaska",United States of America,America/Nome,-8.0,"(60.939167,-164.641111)"
SIZ,Sissano,Sissano,Papua New Guinea,Pacific/Port_Moresby,10.0,"(0.0,0.0)"
KUT,Kopitnari,Kutaisi,Georgia,Asia/Tbilisi,4.0,"(42.176653,42.482583)"
TBF,Tabiteuea North,Tabiteuea North,Kiribati,Pacific/Tarawa,12.0,"(-1.224469,174.775614)"
BMV,Buon Ma Thuot Airport,Banmethuot,Viet Nam,Asia/Ho_Chi_Minh,7.0,"(12.668311,108.120272)"
PEI,Matecana,Pereira,Colombia,America/Bogota,-5.0,"(4.812675,-75.739519)"
AXK,Ataq,Ataq,Yemen,Asia/Aden,3.0,"(14.551322,46.826183)"
CUG,Orange cudal        ,Orange Springhill,Australia,Australia/Sydney,10.0,"(-33.2783,148.763)"
OAG,Orange Airport,Orange Springhill,Australia,Australia/Sydney,10.0,"(-33.3817,149.133)"
DMK,Don Muang Intl,Bangkok,Thailand,Asia/Bangkok,7.0,"(13.912583,100.60675)"
BKK,Suvarnabhumi Intl,Bangkok,Thailand,Asia/Bangkok,7.0,"(13.681108,100.747283)"
ITB,Cachimbo,Itaituba,Brazil,America/Santarem,-3.0,"(-4.2446,-56.00384)"
BOW,Bartow Municipal Airport,"Bartow, Florida",United States of America,America/New_York,-4.0,"(27.9434,-81.7834)"
NYK,Nanyuki Civil Airport,Nanyuki,Kenya,Africa/Nairobi,3.0,"(-0.067,37.033)"
BXB,Babo,Babo,Indonesia,Asia/Jayapura,9.0,"(-2.532242,133.438894)"
LBJ,Mutiara Ii,Labuan Bajo,Indonesia,Asia/Makassar,8.0,"(-8.486656,119.88905)"
PME,Portsmouth Airport,Portsmouth,Great Britain (United Kingdom),Europe/London,1.0,"(50.8,-1.083333)"
TDR,Theodore,Theodore,Australia,Australia/Brisbane,10.0,"(-24.986737,150.093112)"
KLV,Karlovy Vary,Karlovy Vary,Czech Republic,Europe/Prague,2.0,"(50.202978,12.914983)"
LMM,Valle Del Fuerte Intl,Los Mochis,Mexico,America/Mazatlan,-7.0,"(25.685194,-109.080806)"
MXX,Mora,Mora,Sweden,Europe/Stockholm,2.0,"(60.957908,14.511383)"
KED,Kaedi,Kaedi,Mauritania,Africa/Nouakchott,0.0,"(16.159547,-13.507617)"
HOW,Howard,Fort Kobbe,Panama,America/Panama,-5.0,"(8.914794,-79.599633)"
TET,Tete Chingodzi,Tete,Mozambique,Africa/Maputo,2.0,"(-16.104817,33.640181)"
YSO,Postville Airport,Postville,Canada,America/Goose_Bay,-3.0,"(54.910278,-59.785278)"
THR,Mehrabad Intl,Tehran,Iran,Asia/Tehran,3.5,"(35.689167,51.313416)"
IKA,Imam Khomeini,Tehran,Iran,Asia/Tehran,3.5,"(35.416111,51.152222)"
VGD,Vologda Airport,Vologda,Russian Federation,Europe/Moscow,3.0,"(59.284566,39.937265)"
ВГЖ,VOLOGDA RAIL STN,Vologda,Russian Federation,Europe/Moscow,3.0,"(59.216605,39.906518)"
IFL,Innisfail,Innisfail,Australia,Australia/Brisbane,10.0,"(-17.55908,146.01123)"
UKT,АППЕР БАКС,"Quakertown, Pennsylvania",United States of America,America/New_York,-4.0,"(40.43598,-75.37958)"
MZB,Mocimboa Da Praia,Mocimboa Praia,Mozambique,Africa/Maputo,2.0,"(-11.361789,40.354875)"
CTB,Cut Bank Muni,"Cut Bank, Montana",United States of America,America/Denver,-6.0,"(48.608353,-112.376144)"
LSQ,Maria Dolores,Los Angeles,Chili,America/Santiago,-4.0,"(-37.401731,-72.425444)"
LSH,Lashio,Lashio,Myanmar,Asia/Rangoon,6.5,"(22.977881,97.752183)"
RSH,Russian Mission Airport,"Russian Mission, Alaska",United States of America,America/Anchorage,-8.0,"(61.775,-161.319444)"
MZR,Mazar I Sharif,Mazar I Sharif,Afghanistan,Asia/Kabul,4.5,"(36.706914,67.209678)"
MSO,Missoula Intl,"Missoula, Montana",United States of America,America/Denver,-6.0,"(46.916306,-114.090556)"
BGX,Comandante Gustavo Kraemer,Bage,Brazil,America/Sao_Paulo,-3.0,"(-31.390528,-54.112244)"
XFN,Xiangfan Airport,Xiangyang,China,Asia/Shanghai,8.0,"(32.1506,112.291)"
KJP,Kerama Airport,Kerama,Japan,Asia/Tokyo,9.0,"(26.168333,127.293333)"
AOH,Lima Allen County Airport,"Lima, Ohio",United States of America,America/New_York,-4.0,"(40.707478,-84.0270781)"
SWO,Stillwater Regional Airport,"Stillwater, Oklahoma",United States of America,America/Chicago,-5.0,"(36.161111,-97.085556)"
GEV,Gallivare,Gaellivare,Sweden,Europe/Stockholm,2.0,"(67.132408,20.814636)"
DSC,Dschang             ,Dschang,Cameroon,Africa/Douala,1.0,"(5.45,10.067)"
GVR,Governador Valadares Airport,Governador Valadares,Brazil,America/Sao_Paulo,-3.0,"(-18.8952,-41.9822)"
PKV,Kresty,Pskov,Russian Federation,Europe/Moscow,3.0,"(57.797173,28.389925)"
ПСЖ,Pskov Rail Station,Pskov,Russian Federation,Europe/Moscow,3.0,"(57.8043227,28.3619787)"
BRN,Bern Belp,Bern,Switzerland,Europe/Zurich,2.0,"(46.9141,7.497153)"
ZDJ,Bern railway station,Bern,Switzerland,Europe/Zurich,2.0,"(0.0,0.0)"
AER,Sochi,Sochi,Russian Federation,Europe/Moscow,3.0,"(43.449928,39.956589)"
SHB,Nakashibetsu,Nakashibetsu,Japan,Asia/Tokyo,9.0,"(43.5775,144.96)"
BJH,Bajhang,Bajhang,Nepal,Asia/Kathmandu,5.75,"(29.53896,81.185364)"
SCL,Arturo Merino Benitez Intl,Santiago,Chili,America/Santiago,-4.0,"(-33.392975,-70.785803)"
ULC,Los cerrillos       ,Santiago,Chili,America/Santiago,-4.0,"(-33.5,-70.71667)"
PUC,Carbon County Regional-Buck Davis Field,"Price, Utah",United States of America,America/Denver,-6.0,"(39.609722,-110.75278)"
BDE,Baudette Intl,"Baudette, MN",United States of America,America/Chicago,-5.0,"(48.728444,-94.612222)"
STD,Mayor Buenaventura Vivas,Santo Domingo,Venezuela,America/Caracas,-4.0,"(7.565111,-72.035125)"
AXR,Arutua,Arutua,French Polynesia,Pacific/Tahiti,-10.0,"(-15.248289,-146.616708)"
BXK,Buckeye Municipal Airport,"Buckeye, Arizona",United States of America,America/Phoenix,-7.0,"(33.420417,-112.68618)"
RBN,Fort Jefferson,"Fort Jefferson, Florida",United States of America,America/New_York,-4.0,"(24.61667,-82.86667)"
BND,Bandar Abbass Intl,Bandar Abbas,Iran,Asia/Tehran,3.5,"(27.218317,56.37785)"
ISC,ISLES OF SCILLY,Isles Of Scilly,Great Britain (United Kingdom),Europe/London,1.0,"(49.919,-6.3075)"
TSO,Tresco Heliport,Isles Of Scilly,Great Britain (United Kingdom),Europe/London,1.0,"(49.945556,-6.331389)"
YYF,Penticton,Penticton,Canada,America/Vancouver,-7.0,"(49.463056,-119.602222)"
JPR,Ji-Paraná Airport,Ji Parana,Brazil,America/Porto_Velho,-4.0,"(-10.8708,-61.8465)"
ABE,Lehigh Valley Intl,"Allentown, PA",United States of America,America/New_York,-4.0,"(40.652083,-75.440806)"
CKH,Chokurdakh Airport,Chokurdah,Russian Federation,Asia/Magadan,11.0,"(70.6231,147.902)"
SVH,Regional Airport,"Statesville, NC",United States of America,America/New_York,-4.0,"(35.7649958,-80.9538958)"
FIZ,Fitzroy Crossing Airport,Fitzroy Crossing,Australia,Australia/Perth,8.0,"(-18.178,125.591)"
MAR,La Chinita Intl,Maracaibo,Venezuela,America/Caracas,-4.0,"(10.558208,-71.727856)"
KAU,Kauhava,Kauhava,Finland,Europe/Helsinki,3.0,"(63.127078,23.051442)"
YDP,Nain Airport,Nain,Canada,America/Goose_Bay,-3.0,"(56.5492,-61.6803)"
WTL,Tuntutuliak Airport,"Tuntutuliak, Alaska",United States of America,America/Anchorage,-8.0,"(60.335278,-162.666944)"
PKE,Parkes Airport,Parkes,Australia,Australia/Sydney,10.0,"(-33.1314,148.239)"
KLU,Klagenfurt,Klagenfurt,Austria,Europe/Vienna,2.0,"(46.642514,14.337739)"
KGV,Klagenfurt,Klagenfurt,Austria,Europe/Vienna,2.0,"(46.615833,14.313333)"
PBU,Putao,Putao,Myanmar,Asia/Rangoon,6.5,"(27.329922,97.426269)"
PIM,Harris County Airport,"Pine Mountain, Georgia",United States of America,America/New_York,-4.0,"(32.8406944,-84.8824444)"
ADS,Addison,"Dallas, Texas",United States of America,America/Chicago,-5.0,"(32.9685594,-96.8364478)"
DAL,Dallas Love Fld,"Dallas, Texas",United States of America,America/Chicago,-5.0,"(32.847111,-96.851778)"
DFW,Dallas Fort Worth Intl,"Dallas, Texas",United States of America,America/Chicago,-5.0,"(32.896828,-97.037997)"
DNE,Dallas north,"Dallas, Texas",United States of America,America/Chicago,-5.0,"(0.0,0.0)"
ERV,Kerrville Municipal Airport,"Kerrville, Texas",United States of America,America/Chicago,-5.0,"(29.9766667,-99.0854722)"
YEL,Elliot lake         ,Elliot Lake,Canada,America/Toronto,-4.0,"(46.35139,-82.56139)"
SWK,Segrate             ,Milan,Italy,Europe/Rome,2.0,"(0.0,0.0)"
MXP,Malpensa,Milan,Italy,Europe/Rome,2.0,"(45.630606,8.728111)"
LIN,Linate,Milan,Italy,Europe/Rome,2.0,"(45.445103,9.276739)"
BGY,Bergamo Orio Al Serio,Milan,Italy,Europe/Rome,2.0,"(45.673889,9.704166)"
PMF,Parma,Milan,Italy,Europe/Rome,2.0,"(44.824483,10.296367)"
XIK,Centrale Railway Station,Milan,Italy,Europe/Rome,2.0,"(45.4858674,9.2041666)"
IPR,Porta Garibaldi Stn,Milan,Italy,Europe/Rome,2.0,"(0.0,0.0)"
IMR,Rogoredo Railway Stn,Milan,Italy,Europe/Rome,2.0,"(45.433611,9.239167)"
BEP,Bellary,Bellary,India,Asia/Kolkata,5.5,"(15.162783,76.882775)"
KIW,Southdowns,Kitwe,Zambia,Africa/Lusaka,2.0,"(-12.900469,28.149858)"
PNA,Pamplona,Pamplona,Spain,Europe/Madrid,2.0,"(42.770039,-1.646331)"
EEP,Pamplona railway station,Pamplona,Spain,Europe/Madrid,2.0,"(42.82498,-1.66145)"
INO,Inongo Airport,Inongo,"Congo, Democratic Republic of the",Africa/Kinshasa,1.0,"(-1.94722,18.2858)"
SSX,Samsun ,Samsun,Turkey,Europe/Istanbul,3.0,"(41.1641,36.1814)"
SZF,Samsun-Çarşamba Airport,Samsun,Turkey,Europe/Istanbul,3.0,"(41.2545,36.5671)"
ERH,Moulay Ali Cherif,Errachidia,Marocco,Africa/Casablanca,1.0,"(31.9475,-4.398333)"
RLG,Laage,Rostock,Germany,Europe/Berlin,2.0,"(53.918167,12.278333)"
KPN,Kipnuk Airport,"Kipnuk, Alaska",United States of America,America/Nome,-8.0,"(59.933056,-164.030556)"
KBZ,Kaikoura,Kaikoura,New Zealand,Pacific/Auckland,12.0,"(-42.416668,173.68333)"
BRI,Bari,Bari,Italy,Europe/Rome,2.0,"(41.138856,16.760594)"
WTO,Wotho Island Airport,Wotho Island,Marshall Islands,Pacific/Wake,12.0,"(10.1733,166.003)"
MHB,Mechanics bay       ,Auckland,New Zealand,Pacific/Auckland,12.0,"(0.0,0.0)"
AKL,Auckland Intl,Auckland,New Zealand,Pacific/Auckland,12.0,"(-37.008056,174.791667)"
SLX,Salt Cay Airport,Salt Cay,Turks and Caicos Islands,America/Grand_Turk,-4.0,"(21.333,-71.2)"
TTJ,Tottori,Tottori,Japan,Asia/Tokyo,9.0,"(35.530069,134.166553)"
DOH,Doha Intl,Doha,Qatar,Asia/Qatar,3.0,"(25.261153,51.61377)"
XOZ,Doha Free Zone Airport,Doha,Qatar,Asia/Qatar,3.0,"(24.8333,50.9166)"
XJD,Al Udeid AB,Doha,Qatar,Asia/Qatar,3.0,"(25.1174,51.3228)"
DIA,Doha International Airport(OLD),Doha,Qatar,Asia/Qatar,3.0,"(25.261111,51.565)"
EIL,Eielson Afb,"Fairbanks, Alaska",United States of America,America/Anchorage,-8.0,"(64.665667,-147.1015)"
FBK,Ladd Aaf,"Fairbanks, Alaska",United States of America,America/Anchorage,-8.0,"(64.8375,-147.614444)"
FAI,Fairbanks Intl,"Fairbanks, Alaska",United States of America,America/Anchorage,-8.0,"(64.815114,-147.856267)"
MIJ,Mili Island Airport,Mili Island,Marshall Islands,Pacific/Majuro,12.0,"(6.08333,171.733)"
AOJ,Aomori,Aomori,Japan,Asia/Tokyo,9.0,"(40.734722,140.690833)"
RNO,Reno Tahoe Intl,"Reno, NV",United States of America,America/Los_Angeles,-7.0,"(39.499108,-119.768108)"
WEH,Weihai Airport,Weihai,China,Asia/Shanghai,8.0,"(37.1871,122.229)"
YIH,Yichang Airport,Yichang,China,Asia/Shanghai,8.0,"(30.671,111.441)"
CGR,Campo Grande,Campo Grande,Brazil,America/Campo_Grande,-4.0,"(-20.468667,-54.6725)"
NMG,San miguel          ,San Miguel,Panama,America/Panama,-5.0,"(0.0,0.0)"
WMD,Mandabe             ,Mandabe,Madagascar,Indian/Antananarivo,3.0,"(-21.033,44.95)"
BIO,Bilbao,Bilbao,Spain,Europe/Madrid,2.0,"(43.301097,-2.910608)"
YJI,Abando railway station,Bilbao,Spain,Europe/Madrid,2.0,"(43.261389,-2.927778)"
BFB,BILBAO BUS STATION,Bilbao,Spain,Europe/Madrid,2.0,"(43.26112,-2.94908)"
RJK,Rijeka,Rijeka,Croatia,Europe/Zagreb,2.0,"(45.216889,14.570267)"
PPC,Prospect Creek Airport,"Prospect Creek, Alaska",United States of America,America/Anchorage,-8.0,"(66.814167,-150.643611)"
XMU,Montbeugny,Moulin Sur Allier,France,Europe/Paris,2.0,"(46.534581,3.423725)"
MEH,Mehamn,Mehamn,Norway,Europe/Oslo,2.0,"(71.029722,27.826667)"
YSM,Fort Smith,Fort Smith,Canada,America/Yellowknife,-6.0,"(60.020278,-111.961944)"
CLY,Saint Catherine,Calvi,France,Europe/Paris,2.0,"(42.530753,8.793189)"
SLI,Solwezi Airport,Solwezi,Zambia,Africa/Lusaka,2.0,"(-12.1737,26.3651)"
MRB,Eastern WV Regional Airport,"Martinsburg, West Virginia",United States of America,America/New_York,-4.0,"(39.2407,-77.591)"
LAF,Purude University Airport,"Lafayette, Indiana",United States of America,America/Indiana/Indianapolis,-4.0,"(40.4123056,-86.9368889)"
YGX,Gillam Airport,Gillam,Canada,America/Winnipeg,-5.0,"(56.3575,-94.7106)"
TLH,Tallahassee Rgnl,"Tallahassee, Florida",United States of America,America/New_York,-4.0,"(30.396528,-84.350333)"
LGZ,Leguizamo           ,Leguizamo,Colombia,America/Bogota,-5.0,"(0.0,0.0)"
UUA,Bugulma Airport,Bugulma,Russian Federation,Europe/Moscow,3.0,"(54.64,52.8017)"
GWY,Galway,Galway,Ireland,Europe/Dublin,1.0,"(53.300175,-8.941592)"
SNV,Santa Elena Airport,Santa Elena,Venezuela,America/Caracas,-4.0,"(4.554722,-61.144922)"
AAX,Araxa Airport,Araxa,Brazil,America/Sao_Paulo,-3.0,"(-19.563056,-46.960278)"
BKH,Barking Sands Pmrf,"Kekaha, Hawaii",United States of America,Pacific/Honolulu,-10.0,"(22.022833,-159.785)"
GAJ,Yamagata,Yamagata,Japan,Asia/Tokyo,9.0,"(38.411894,140.371331)"
NCS,Newcastle,Newcastle,South Africa,Africa/Johannesburg,2.0,"(-27.770586,29.976894)"
MFN,Milford Sound Airport,Milford Sound,New Zealand,Pacific/Auckland,12.0,"(-44.67333,167.92333)"
BXN,Imsik,Bodrum,Turkey,Europe/Istanbul,3.0,"(37.140144,27.669717)"
BJV,Bodrum - Milas,Bodrum,Turkey,Europe/Istanbul,3.0,"(37.249,27.667)"
MSN,Dane Co Rgnl Truax Fld,"Madison, WI",United States of America,America/Chicago,-5.0,"(43.139858,-89.337514)"
PKW,Selebi Phikwe,Selebi Phikwe,Botswana,Africa/Gaborone,2.0,"(-22.05835,27.828767)"
LUW,Bubung,Luwuk,Indonesia,Asia/Makassar,8.0,"(-1.038919,122.771906)"
DNV,Danville            ,"Danville, Illinois",United States of America,America/Chicago,-5.0,"(40.1992,-87.5953)"
LKY,Lake Manyara,Lake Manyara,Tanzania,Africa/Dar_es_Salaam,3.0,"(-3.376306,35.818278)"
CUA,Ciudad Constitución Airport,Ciudad Constitucion,Mexico,America/Mazatlan,-7.0,"(25.0538,-111.615)"
BAM,Bamberg BF,"Battle Mountain, Nevada",United States of America,America/Los_Angeles,-7.0,"(49.911,10.9)"
IVA,Ambanja Airport,Ambanja,Madagascar,Indian/Antananarivo,3.0,"(-13.65,48.467)"
KUG,Kubin Airport,Kubin Island,Australia,Australia/Brisbane,10.0,"(-10.225,142.218)"
ZMA,Mannheim Railway,Mansfield,Great Britain (United Kingdom),Europe/London,1.0,"(49.479633,8.469858)"
TIR,Tirupati,Tirupati,India,Asia/Kolkata,5.5,"(13.632492,79.543256)"
EDI,Edinburgh,Edinburgh,Great Britain (United Kingdom),Europe/London,1.0,"(55.95,-3.3725)"
ZXE,Edinburgh Waverly Station,Edinburgh,Great Britain (United Kingdom),Europe/London,1.0,"(55.952,-3.189)"
YPS,Port hawkesbury,Port Hawkesbury,Canada,America/Halifax,-3.0,"(45.65667,-61.36806)"
MAU,Maupiti,Maupiti,French Polynesia,Pacific/Tahiti,-10.0,"(-16.426486,-152.243669)"
JHQ,Shute Harbour,Shute Harbour,Australia,Australia/Brisbane,10.0,"(-20.278299,148.757004)"
KOT,Kotlik Airport,"Kotlik, Alaska",United States of America,America/Nome,-8.0,"(63.030556,-163.532778)"
YTX,Telegraph creek     ,Telegraph Creek,Canada,America/Vancouver,-7.0,"(0.0,0.0)"
YFX,St. Lewis (Fox Harbour) Airport,Fox Harbour,Canada,America/St_Johns,-2.5,"(52.3728,-55.6739)"
TUF,Val De Loire,Tours,France,Europe/Paris,2.0,"(47.432222,0.727606)"
XSH,Saint-Pierre-des-Corps,Tours,France,Europe/Paris,2.0,"(47.385626,0.723347)"
UKU,Nuku Airport,Nuku,Papua New Guinea,Asia/Vladivostok,10.0,"(-3.667,142.483)"
SCX,Salina Cruz Naval Air Station,Salina Cruz,Mexico,America/Mexico_City,-6.0,"(16.2126,-95.2016)"
BCO,Baco Airport,Jinka,Ethiopia,Africa/Addis_Ababa,3.0,"(5.78287,36.562)"
MKY,Mackay,Mackay,Australia,Australia/Brisbane,10.0,"(-21.171667,149.179722)"
IBZ,Ibiza,Ibiza,Spain,Europe/Madrid,2.0,"(38.872858,1.373117)"
LOF,Loen                ,Loen,Marshall Islands,Pacific/Majuro,12.0,"(0.0,0.0)"
VDB,Leirin,Fagernes,Norway,Europe/Oslo,2.0,"(61.015556,9.288056)"
RGA,Rio Grande,Rio Grande,Argentina,America/Argentina/Ushuaia,-3.0,"(-53.777667,-67.749389)"
IRP,Matari,Isiro,"Congo, Democratic Republic of the",Africa/Lubumbashi,2.0,"(2.827606,27.588253)"
BXH,Balkhash Airport,Balkhash,Kazakhstan,Asia/Qyzylorda,5.0,"(46.8933,75.005)"
NFO,Mata'aho Airport,Niuafo Ou,Tonga,Pacific/Tongatapu,13.0,"(-15.5708,-175.633)"
DWB,Soalala Airport,Soalala,Madagascar,Indian/Antananarivo,3.0,"(-16.083,45.367)"
HSL,Huslia Airport,"Huslia, Alaska",United States of America,America/Anchorage,-8.0,"(65.697778,-156.351389)"
PPS,Puerto Princesa,Puerto Princesa,Philippines,Asia/Manila,8.0,"(9.742119,118.758731)"
HEI,Heide-Büsum Airport,Heide Buesum,Germany,Europe/Berlin,2.0,"(54.1533,8.90167)"
BNJ,Hauptbahnhof,Cologne,Germany,Europe/Berlin,2.0,"(50.731944,7.096944)"
QKL,Cologne Railway,Cologne,Germany,Europe/Berlin,2.0,"(50.9425,6.958056)"
CGN,Koln Bonn,Cologne,Germany,Europe/Berlin,2.0,"(50.865917,7.142744)"
QKU,MESSE DEUTZ RAIL STN,Cologne,Germany,Europe/Berlin,2.0,"(0.0,0.0)"
QBB,Bonn Thomastr. Bus Stn,Cologne,Germany,Europe/Berlin,2.0,"(0.0,0.0)"
MOL,Aro,Molde,Norway,Europe/Oslo,2.0,"(62.744722,7.2625)"
KIM,Kimberley,Kimberley,South Africa,Africa/Johannesburg,2.0,"(-28.802834,24.765167)"
SGA,Sheghnan            ,Sheghnan,Afghanistan,Asia/Kabul,4.5,"(37.567,71.5)"
AFY,Afyon,Afyon,Turkey,Europe/Istanbul,3.0,"(38.726425,30.601114)"
UAS,Samburu South Airport,Samburu,Kenya,Africa/Nairobi,3.0,"(0.530583,37.5342)"
FRP,St Lucie County International Airport,"Fresh Water Bay, Alaska",United States of America,America/Anchorage,-8.0,"(27.497472,-80.372638)"
LEY,Lelystad Airport,Lelystad,Netherlands (Holland),Europe/Amsterdam,2.0,"(52.4603,5.52722)"
RVD,General leite de Castro Airport,Rio Verde,Brazil,America/Sao_Paulo,-3.0,"(-17.790278,-50.918333)"
FLD,Fond Du Lac County Airport,"Fond Du Lac, Wisconsin",United States of America,America/Chicago,-5.0,"(43.7711667,-88.4884167)"
YYW,Armstrong,Armstrong,Canada,America/Toronto,-4.0,"(50.290279,-88.909721)"
ROO,Rondonopolis Airport,Rondonopolis,Brazil,America/Cuiaba,-4.0,"(-16.466667,-54.633333)"
KKN,Hoybuktmoen,Kirkenes,Norway,Europe/Oslo,2.0,"(69.725781,29.891295)"
UVO,Uvol                ,Uvol,Papua New Guinea,Pacific/Port_Moresby,10.0,"(0.0,0.0)"
COS,City Of Colorado Springs Muni,"Colorado Springs, Colorado",United States of America,America/Denver,-6.0,"(38.805805,-104.700778)"
FCS,Butts Aaf,"Colorado Springs, Colorado",United States of America,America/Denver,-6.0,"(38.678394,-104.756581)"
VOH,Vohimarina,Vohemar,Madagascar,Indian/Antananarivo,3.0,"(-13.375834,50.002777)"
DIY,Diyarbakir,Diyarbakir,Turkey,Europe/Istanbul,3.0,"(37.893897,40.201019)"
ULE,Sule                ,Sule,Papua New Guinea,Asia/Vladivostok,10.0,"(-4.97472,151.297)"
TXF,Teixeira de Freitas,Teixeira Freitas,Brazil,America/Fortaleza,-3.0,"(-17.524167,-39.669722)"
EMK,Emmonak Airport,"Emmonak, Alaska",United States of America,America/Nome,-8.0,"(62.786111,-164.490833)"
PWE,Pevek,Pevek,Russian Federation,Asia/Anadyr,12.0,"(69.783283,170.597006)"
MZI,Ambodedjo,Mopti,Mali,Africa/Bamako,0.0,"(14.512803,-4.079561)"
MWP,Mountain Airport,Mountain,Nepal,,,"(28.0,85.333)"
HTY,Hatay Airport,Hatay,Turkey,Europe/Istanbul,3.0,"(36.362778,36.282222)"
MAZ,Eugenio Maria De Hostos,Mayaguez,Puerto Rico,America/Puerto_Rico,-4.0,"(18.255694,-67.148472)"
LOM,Lagos de moreno     ,Lagos De Moreno,Mexico,America/Mexico_City,-6.0,"(0.0,0.0)"
MXS,Maota Airport,Maota Savaii Is,Samoa,Pacific/Apia,13.0,"(-13.733,-172.3)"
OIR,Okushiri,Okushiri,Japan,Asia/Tokyo,9.0,"(42.071667,139.432911)"
TGJ,Tiga Airport,Tiga,New Caledonia,Pacific/Noumea,11.0,"(-21.0961,167.804)"
CRL,Brussels South,Brussels,Belgium,Europe/Brussels,2.0,"(50.459197,4.453817)"
BRU,Brussels Natl,Brussels,Belgium,Europe/Brussels,2.0,"(50.901389,4.484444)"
ZYR,Brussels Gare du Midi,Brussels,Belgium,Europe/Brussels,2.0,"(50.8,4.4)"
TTH,Thumrait,Thumrait,Oman,Asia/Muscat,4.0,"(17.666,54.024612)"
DMS,Sabto bus station,Dammam,Saudi Arabia,Asia/Riyadh,3.0,"(0.0,0.0)"
DMM,King Fahd Intl,Dammam,Saudi Arabia,Asia/Riyadh,3.0,"(26.471161,49.79789)"
TIV,Tivat,Tivat,Montenegro,Europe/Podgorica,2.0,"(42.404664,18.723286)"
TKN,Tokunoshima,Tokunoshima,Japan,Asia/Tokyo,9.0,"(27.836381,128.881253)"
TZN,South andros        ,South Andros,Bahamas,America/Panama,-5.0,"(0.0,0.0)"
UOL,Buol                ,Buol,Indonesia,Asia/Makassar,8.0,"(1.15905,121.428)"
IXP,Pathankot,Pathankot,India,Asia/Kolkata,5.5,"(32.233778,75.634628)"
IAS,Iasi,Iasi,Romania,Europe/Bucharest,3.0,"(47.178492,27.620631)"
MKW,Rendani,Manokwari,Indonesia,Asia/Jayapura,9.0,"(-0.891833,134.049183)"
KUV,Kunsan Air Base,Gunsan,Korea (South),Asia/Seoul,9.0,"(35.903756,126.615906)"
MUO,Mountain Home Afb,"Mountain Home, Idaho",United States of America,America/Boise,-6.0,"(43.043603,-115.872431)"
DAU,Daru Airport,Daru,Papua New Guinea,Pacific/Port_Moresby,10.0,"(-9.08676,143.208)"
TTS,Tsaratanana Airport,Tsaratanana,Madagascar,Indian/Antananarivo,3.0,"(-16.75,47.617)"
DAY,James M Cox Dayton Intl,"Dayton, Ohio",United States of America,America/New_York,-4.0,"(39.902375,-84.219375)"
FFO,Wright Patterson Afb,"Dayton, Ohio",United States of America,America/New_York,-4.0,"(39.826111,-84.048332)"
RHI,Rhinelander Oneida County Airport,"Rhinelander, WI",United States of America,America/Chicago,-5.0,"(45.6312,-89.4675)"
RMF,Marsa Alam Intl,Marsa Alam,Egypt,Africa/Cairo,3.0,"(25.557111,34.583711)"
ARW,Arad,Arad,Romania,Europe/Bucharest,3.0,"(46.17655,21.262022)"
TAR,Grottaglie,Taranto,Italy,Europe/Rome,2.0,"(40.517514,17.403212)"
GUL,Goulburn Airport,Goulburn,Australia,Australia/Sydney,10.0,"(-34.8103,149.726)"
SHI,Shimojishima,Shimojishima,Japan,Asia/Tokyo,9.0,"(24.826667,125.144722)"
PGA,Page Municipal Airport,"Page, Arizona",United States of America,America/Denver,-6.0,"(36.9261,-111.4483)"
ERI,Erie Intl Tom Ridge Fld,"Erie, PA",United States of America,America/New_York,-4.0,"(42.082022,-80.176217)"
TYD,Tynda,Tynda,Russian Federation,Asia/Yakutsk,9.0,"(55.2843,124.7825)"
AGH,Ängelholm-Helsingborg Airport,Helsingborg,Sweden,Europe/Stockholm,2.0,"(56.2961,12.8471)"
JHE,Helsingborg Cruise Port,Helsingborg,Sweden,Europe/Stockholm,2.0,"(56.0419,12.6912)"
UIN,Quincy Regional Baldwin Field,"Quincy, IL",United States of America,America/Chicago,-5.0,"(39.9427,-91.1946)"
TGG,Sultan Mahmud,Kuala Terengganu,Malaysia,Asia/Kuala_Lumpur,8.0,"(5.382639,103.10336)"
ELE,EL Real Airport,El Real,Panama,America/Panama,-5.0,"(8.133,-77.7)"
GMI,Gasmata Island Airport,Gasmata Island,Papua New Guinea,Asia/Vladivostok,10.0,"(-6.27111,150.331)"
SUB,Juanda,Surabaya,Indonesia,Asia/Jakarta,7.0,"(-7.379831,112.786858)"
DHX,DHOHO INTERNATIONAL,Surabaya,Indonesia,Asia/Jakarta,7.0,"(-7.761672,111.951521)"
SBH,Saint Barthelemy,Saint Barthelemy,Guadeloupe,America/St_Barthelemy,-4.0,"(17.9023,-62.8324)"
MUQ,Munich HBF,Muccan,Australia,Australia/Perth,8.0,"(48.1408,11.555)"
ZLO,Playa De Oro Intl,Manzanillo,Mexico,America/Mexico_City,-6.0,"(19.144778,-104.558631)"
AMH,Arba Minch,Arba Mintch,Ethiopia,Africa/Addis_Ababa,3.0,"(6.039389,37.590453)"
ALF,Alta,Alta,Norway,Europe/Oslo,2.0,"(69.976111,23.371667)"
AWB,Awaba Airport,Awaba,Papua New Guinea,Asia/Vladivostok,10.0,"(-8.014,142.75)"
ISW,Alexander Field South Wood County Airport,"Wisconsin Rapids, Wisconsin",United States of America,America/Chicago,-5.0,"(44.3606456,-89.8381412)"
LWY,Lawas Airport,Lawas,Malaysia,Asia/Kuching,8.0,"(4.84917,115.408)"
HVN,Tweed-New Haven Airport,"New Haven, CT",United States of America,America/New_York,-4.0,"(41.26375,-72.886806)"
ZVE,New Haven Rail Station,"New Haven, CT",United States of America,America/New_York,-4.0,"(41.298669,-72.925992)"
POL,Pemba,Pemba,Mozambique,Africa/Maputo,2.0,"(-12.986753,40.522492)"
SPI,Abraham Lincoln Capital,"Springfield, Illinois",United States of America,America/Chicago,-5.0,"(39.8441,-89.677889)"
YJT,Stephenville,Stephenville,Canada,America/St_Johns,-2.5,"(48.544167,-58.549999)"
KCM,Kahramanmaras Airport,Kahramanmaras,Turkey,Europe/Istanbul,3.0,"(37.539,36.9534)"
LCH,Lake Charles Rgnl,"Lake Charles, Louisiana",United States of America,America/Chicago,-5.0,"(30.126112,-93.223335)"
KUK,Kasigluk Airport,"Kasigluk, Alaska",United States of America,America/Nome,-8.0,"(60.873333,-162.524444)"
DHT,Dalhart Muni,"Dalhart, Texas",United States of America,America/Chicago,-5.0,"(36.022586,-102.547278)"
YOG,Ogoki Post Airport,Ogoki,Canada,America/Toronto,-4.0,"(51.6586,-85.9017)"
HZL,Hazleton Municipal,"Hazleton, Pennsylvania",United States of America,America/New_York,-4.0,"(40.989167,-76.0025)"
KRN,Kiruna,Kiruna,Sweden,Europe/Stockholm,2.0,"(67.821986,20.336764)"
AGX,Agatti,Agatti Island,India,Asia/Kolkata,5.5,"(10.823656,72.176042)"
KKU,Ekuk                ,"Ekuk, Alaska",United States of America,America/Anchorage,-8.0,"(58.81168,-158.56106)"
PKR,Pokhara,Pokhara,Nepal,Asia/Kathmandu,5.75,"(28.200881,83.982056)"
PSC,Tri Cities Airport,"Pasco, Washington",United States of America,America/Los_Angeles,-7.0,"(46.2647,-119.119)"
TLE,Toliara,Tulear,Madagascar,Indian/Antananarivo,3.0,"(-23.383369,43.728453)"
MKL,Mc Kellar Sipes Rgnl,"Jackson, Tennessee",United States of America,America/Chicago,-5.0,"(35.599889,-88.915611)"
HAA,Hasvik,Hasvik,Norway,Europe/Oslo,2.0,"(70.486675,22.139744)"
UKY,Kyoto,Kyoto,Japan,Asia/Tokyo,9.0,"(35.016667,135.766667)"
PCP,Principe,Principe,Sao Tomea and Principe,Africa/Sao_Tome,0.0,"(1.662936,7.411742)"
UNG,Kiunga Airport,Kiunga,Papua New Guinea,Pacific/Port_Moresby,10.0,"(-6.12571,141.282)"
BAL,Batman,Batman,Turkey,Europe/Istanbul,3.0,"(37.928969,41.116583)"
TAK,Takamatsu,Takamatsu,Japan,Asia/Tokyo,9.0,"(34.214167,134.015556)"
GUM,Guam Intl,Guam,Guam,Pacific/Guam,10.0,"(13.48345,144.795983)"
UAM,Andersen Afb,Guam,Guam,Pacific/Guam,10.0,"(13.583953,144.930025)"
ZGS,Gethsemani          ,Gethsemani,Canada,,,"(50.2573,-60.66925)"
BVS,Breves Airport,Breves,Brazil,America/Belem,-3.0,"(-1.681944,-50.48)"
BBJ,Bautzen,Bitburg,Germany,Europe/Berlin,2.0,"(51.193531,14.519747)"
HOD,Hodeidah Intl,Hodeidah,Yemen,Asia/Aden,3.0,"(14.753,42.976336)"
SQQ,Siauliai Intl,Siauliai,Lithuania,Europe/Vilnius,3.0,"(55.893886,23.394975)"
KDA,Kolda               ,Kolda,Senegal,Africa/Dakar,0.0,"(12.88333,-14.96667)"
URO,Vallee De Seine,Rouen,France,Europe/Paris,2.0,"(49.384172,1.1748)"
CHX,Cap Manuel Nino Intl,Changuinola,Panama,America/Panama,-5.0,"(9.458636,-82.516806)"
VGA,Vijayawada,Vijayawada,India,Asia/Kolkata,5.5,"(16.530433,80.796847)"
MDZ,El Plumerillo,Mendoza,Argentina,America/Argentina/Mendoza,-3.0,"(-32.831717,-68.792856)"
SOG,Sogndal Airport,Sogndal,Norway,Europe/Oslo,2.0,"(61.1561,7.13778)"
CQD,Shahre Kord Airport,Shahre-Kord,Iran,Asia/Tehran,3.5,"(32.2972,50.8422)"
ZRJ,Round Lake (Weagamow Lake) Airport,Round Lake,Canada,America/Winnipeg,-5.0,"(52.9436,-91.3128)"
FUN,Funafuti International,Funafuti Atol,Tuvalu,Pacific/Funafuti,12.0,"(-8.525,179.196389)"
MCP,Macapa,Macapa,Brazil,America/Belem,-3.0,"(0.050664,-51.072178)"
SOD,Sorocaba Airport,Sorocaba,Brazil,America/Sao_Paulo,-3.0,"(-23.478,-47.49)"
MOO,Moomba,Moomba,Australia,Australia/Adelaide,9.5,"(-28.1,140.2)"
HVB,Hervey Bay Airport,Hervey Bay,Australia,Australia/Brisbane,10.0,"(-25.318889,152.880278)"
BTV,Burlington Intl,"Burlington, Vermont",United States of America,America/New_York,-4.0,"(44.471861,-73.153278)"
LGN,Linga linga         ,Linga Linga,Papua New Guinea,Asia/Vladivostok,10.0,"(0.0,0.0)"
NKC,Nouakchott,Nouakchott,Mauritania,Africa/Nouakchott,0.0,"(18.097856,-15.947956)"
KPV,Perryville Airport,"Perryville, Alaska",United States of America,America/Anchorage,-8.0,"(55.906667,-159.160833)"
HYN,Huangyan Luqiao Airport,Taizhou (Zhejiang),China,Asia/Shanghai,8.0,"(28.5622,121.429)"
RYB,Staroselye Airport,Rybinsk,Russian Federation,Europe/Moscow,3.0,"(58.1042,38.9294)"
BFS,Belfast Intl,Belfast,Great Britain (United Kingdom),Europe/London,1.0,"(54.6575,-6.215833)"
BHD,Belfast City,Belfast,Great Britain (United Kingdom),Europe/London,1.0,"(54.618056,-5.8725)"
RUH,King Khaled Intl,Riyadh,Saudi Arabia,Asia/Riyadh,3.0,"(24.95764,46.698776)"
OTH,Southwest Oregon Regional Airport,"North Bend, Oregon",United States of America,America/Los_Angeles,-7.0,"(43.4171,-124.246)"
KFG,Kalkgurung Airport,Kalkurung,Australia,Australia/Darwin,9.5,"(-17.4319,130.808)"
EDW,Edwards Afb,"Edwards Afb, California",United States of America,America/Los_Angeles,-7.0,"(34.905417,-117.883739)"
BIL,Billings Logan International Airport,"Billings, Montana",United States of America,America/Denver,-6.0,"(45.80921,-108.537654)"
DYR,Ugolny Airport,Anadyr,Russian Federation,Asia/Anadyr,12.0,"(64.73495,177.741483)"
SBW,Sibu,Sibu,Malaysia,Asia/Kuching,8.0,"(2.261603,111.985322)"
TPJ,Taplejung,Taplejung,Nepal,Asia/Kathmandu,5.75,"(27.35,84.667)"
BNU,Aeroporto Blumenau,Blumenau,Brazil,America/Sao_Paulo,-3.0,"(-26.834239,-49.091696)"
TCU,Thaba nchu          ,Thaba Nchu,South Africa,Africa/Johannesburg,2.0,"(-29.3178,26.8228)"
TCN,Tehuacan,Tehuacan,Mexico,America/Mexico_City,-6.0,"(18.497189,-97.419942)"
AZD,Yazd Shahid Sadooghi,Yazd,Iran,Asia/Tehran,3.5,"(31.904908,54.276503)"
CMI,Champaign,"Champaign, Illinois",United States of America,America/Chicago,-5.0,"(40.03925,-88.278056)"
KSO,Aristotelis,Kastoria,Greece,Europe/Athens,3.0,"(40.446294,21.282186)"
ZWL,Wollaston Lake Airport,Wollaston Lake,Canada,America/Regina,-6.0,"(58.1069,-103.172)"
TUV,Tucupita,Tucupita,Venezuela,America/Caracas,-4.0,"(9.088994,-62.094175)"
KUQ,Kuri                ,Kuri,Papua New Guinea,Pacific/Port_Moresby,10.0,"(0.0,0.0)"
MLA,Luqa,Malta,Malta,Europe/Malta,2.0,"(35.857497,14.4775)"
IRC,Circle City Airport,"Circle, Alaska",United States of America,America/Anchorage,-8.0,"(65.827778,-144.076111)"
BGI,Grantley Adams Intl,Bridgetown,Barbados,America/Barbados,-4.0,"(13.074603,-59.492456)"
GHU,Gualeguaychu,Gualeguaychu,Argentina,America/Argentina/Cordoba,-3.0,"(-33.010278,-58.613056)"
IPA,Ipota Airport,Ipota,Vanuatu,Pacific/Efate,11.0,"(-18.8783,169.308)"
CJB,Coimbatore,Coimbatore,India,Asia/Kolkata,5.5,"(11.030031,77.043383)"
SXB,Entzheim,Strasbourg,France,Europe/Paris,2.0,"(48.538319,7.628233)"
XER,Strasbourg          ,Strasbourg,France,Europe/Paris,2.0,"(0.0,0.0)"
XWG,Gare de Strasbourg,Strasbourg,France,Europe/Paris,2.0,"(48.585068,7.734547)"
ZLP,Zurich hbf railway station,Zuerich,Switzerland,Europe/Zurich,2.0,"(0.0,0.0)"
ZRH,Zurich,Zuerich,Switzerland,Europe/Zurich,2.0,"(47.464722,8.549167)"
ZEU,GOETTINGEN,Goettingen,Germany,Europe/Berlin,2.0,"(51.536631,9.926776)"
SNO,Sakon Nakhon,Sakon Nakhon,Thailand,Asia/Bangkok,7.0,"(17.195142,104.118625)"
WPR,Aeropuerto Capitan Fuentes Martinez,Porvenir,Chili,America/Santiago,-4.0,"(-53.2537,-70.319228)"
CDW,Caldwell Essex County Airport,"Caldwell, New Jersey",United States of America,America/New_York,-4.0,"(40.8752222,-74.2813611)"
LGG,Liege,Liege,Belgium,Europe/Brussels,2.0,"(50.637417,5.443222)"
XHN,Liege-Guillemins Railway Station,Liege,Belgium,Europe/Brussels,2.0,"(50.6333,5.56667)"
BZL,Barisal Airport,Barisal,Bangladesh,Asia/Dhaka,6.0,"(22.801,90.3012)"
GRM,Grand Marais Cook County Airport,"Grand Marais, Minnesota",United States of America,America/Detroit,-4.0,"(47.8383333,-90.3829444)"
FOC,Changle,Fuzhou,China,Asia/Shanghai,8.0,"(25.935064,119.663272)"
IQM,Qiemo Airport,Qiemo,China,Asia/Urumqi,6.0,"(38.1494,85.5328)"
NRK,Kungsangen,Norrkoeping,Sweden,Europe/Stockholm,2.0,"(58.586253,16.250622)"
XYK,NORRKOPING,Norrkoeping,Sweden,Europe/Stockholm,2.0,"(58.577157,16.245069)"
ORJ,Orinduik Airport,Orinduik,Guyana,America/Boa_Vista,-4.0,"(4.7,-60.016667)"
SUV,Nausori Intl,Suva,Fiji,Pacific/Fiji,12.0,"(-18.043267,178.559228)"
MPY,Maripasoula Airport,Maripasoula,French Guyana,America/Cayenne,-3.0,"(3.6575,-54.037222)"
NAQ,Qaanaaq Airport,Qaanaaq,Greenland,America/Thule,-3.0,"(77.4886,-69.3887)"
HNH,Hoonah Airport,"Hoonah, Alaska",United States of America,America/Juneau,-8.0,"(58.096111,-135.409722)"
KUF,Kurumoch,Samara,Russian Federation,Europe/Samara,4.0,"(53.5,50.15)"
IAR,Tunoshna,Yaroslavl,Russian Federation,Europe/Moscow,3.0,"(57.56066668,40.15736945)"
,Yaroslavl Rail Stn,Yaroslavl,Russian Federation,Europe/Moscow,3.0,"(57.625583,39.835278)"
LYI,Shubuling Airport,Linyi,China,Asia/Shanghai,8.0,"(35.0461,118.412)"
EGS,Egilsstadir,Egilsstadir,Iceland,Atlantic/Reykjavik,0.0,"(65.283333,-14.401389)"
SXL,Sligo,Sligo,Ireland,Europe/Dublin,1.0,"(54.280214,-8.599206)"
BAG,Baguio,Baguio,Philippines,Asia/Manila,8.0,"(16.375103,120.619636)"
CCF,Salvaza,Carcassonne,France,Europe/Paris,2.0,"(43.215978,2.306317)"
HIO,Portland Hillsboro,"Hillsboro, Oregon",United States of America,America/Los_Angeles,-7.0,"(45.540394,-122.949825)"
HKG,Hong Kong Intl,Hong Kong,Hong Kong,Asia/Hong_Kong,8.0,"(22.308919,113.914603)"
HKM,HONG KONG ZHUHAI MACAO,Hong Kong,Hong Kong,Asia/Hong_Kong,8.0,"(22.283056,113.780556)"
FDD,SAN SEBASTIAN,San Sebastian,Spain,Europe/Madrid,2.0,"(43.301117,-1.980038)"
EAS,San Sebastian,San Sebastian,Spain,Europe/Madrid,2.0,"(43.356519,-1.790611)"
PFQ,Parsabade Moghan Airport,Parsabad,Iran,Asia/Tehran,3.5,"(39.603606,47.8815)"
YDI,Davis inlet         ,Davis Inlet,Canada,America/Halifax,-3.0,"(0.0,0.0)"
FEL,Furstenfeldbruck,Fuerstenfeldbruck,Germany,Europe/Berlin,2.0,"(48.205667,11.267)"
RWI,Rocky Mount Wilson Regional Airport,"Rocky Mount, NC",United States of America,America/New_York,-4.0,"(35.8563,-77.8919)"
CMD,Cootamundra         ,Cootamundra,Australia,Australia/Sydney,10.0,"(-34.6239,148.028)"
TSJ,Tsushima,Tsushima,Japan,Asia/Tokyo,9.0,"(34.284889,129.33055)"
SIA,Xi\\'An Xiguan,Xi An Xiguan,China,Asia/Chongqing,8.0,"(34.3767,109.12)"
GJT,Grand Junction Regional,"Grand Junction, Colorado",United States of America,America/Denver,-6.0,"(39.122413,-108.526735)"
ULO,Ulaangom Airport,Ulaangom,Mongolia,Asia/Hovd,7.0,"(49.973333,92.079722)"
IMF,Imphal,Imphal,India,Asia/Kolkata,5.5,"(24.75995,93.896697)"
LQN,Qala-nau            ,Qala Nau,Afghanistan,Asia/Kabul,4.5,"(34.985,63.1178)"
PTD,Port alexander      ,"Port Alexander, Alaska",United States of America,America/Sitka,-8.0,"(0.0,0.0)"
CNL,Sindal Airport,Sindal,Denmark,Europe/Copenhagen,2.0,"(57.503525,10.229372)"
YLJ,Meadow Lake,Meadow Lake,Canada,America/Regina,-6.0,"(54.125278,-108.522778)"
POW,Portoroz,Portoroz,Slovenia,Europe/Ljubljana,2.0,"(45.473353,13.614978)"
DSK,Dera Ismael Khan Airport,Dera Ismail Khan,Pakistan,Asia/Karachi,5.0,"(31.909422,70.896639)"
MDK,Mbandaka,Mbandaka,"Congo, Democratic Republic of the",Africa/Kinshasa,1.0,"(0.0226,18.288744)"
LWO,Lviv Intl,Lvov,Ukraine,Europe/Kiev,3.0,"(49.8125,23.956111)"
PQI,Northern Maine Rgnl At Presque Isle,"Presque Isle, Maine",United States of America,America/New_York,-4.0,"(46.688958,-68.044797)"
LTK,Bassel Al Assad Intl,Latakia,Syria,Asia/Damascus,3.0,"(35.401094,35.948681)"
HYL,Hollis Seaplane Base,"Hollis, Alaska",United States of America,America/Anchorage,-8.0,"(55.481667,-132.646111)"
TVS,Sannvhe,Tangshan,China,Asia/Shanghai,8.0,"(39.717444,118.002389)"
HMV,Hemavan Airport,Hemavan,Sweden,Europe/Stockholm,2.0,"(65.806111,15.082778)"
TNQ,Teraina             ,Teraina,Kiribati,Pacific/Kiritimati,14.0,"(0.0,0.0)"
SUH,Sur                 ,Sur,Oman,Asia/Muscat,4.0,"(0.0,0.0)"
AJI,Agri Airport,Agri,Turkey,Europe/Istanbul,3.0,"(39.6546,43.0271)"
HIR,Honiara International,Honiara,Solomon Islands,Pacific/Guadalcanal,11.0,"(-9.428,160.054789)"
CZN,Chisana Airport,"Chisana, Alaska",United States of America,America/Anchorage,-8.0,"(62.071111,-142.048333)"
YVM,Qikiqtarjuaq,Qikiqtarjuaq,Canada,America/Pangnirtung,-4.0,"(67.545833,-64.031389)"
CDP,Cuddapah,Cuddapah,India,Asia/Kolkata,5.5,"(14.509961,78.772833)"
SDC,Williamson-Sodus Airport,Sandcreek,Guyana,America/Guyana,-4.0,"(43.2347904,-77.119444)"
NQN,Presidente Peron,Neuquen,Argentina,America/Argentina/Salta,-3.0,"(-38.949,-68.155711)"
HPA,Lifuka Island Airport,Ha Apai,Tonga,Pacific/Tongatapu,13.0,"(-19.777,-174.341)"
CMP,Campo Alegre Airport,Santana Do Aragua,Brazil,America/Belem,-3.0,"(-9.505,-50.625)"
CCM,Forquilhinha,Criciuma,Brazil,America/Sao_Paulo,-3.0,"(-28.725817,-49.424739)"
MUH,Mersa Matruh,Mersa Matruh,Egypt,Africa/Cairo,3.0,"(31.325356,27.221689)"
SLH,Sola Airport,Sola,Vanuatu,Pacific/Efate,11.0,"(-13.8517,167.537)"
BYN,Bayankhongor Airport,Bayankhongor,Mongolia,Asia/Ulaanbaatar,8.0,"(46.1633,100.704)"
NIP,Jacksonville Nas,"Jacksonville, Florida",United States of America,America/New_York,-4.0,"(30.235834,-81.680556)"
JAX,Jacksonville Intl,"Jacksonville, Florida",United States of America,America/New_York,-4.0,"(30.494056,-81.687861)"
VQQ,Cecil Field,"Jacksonville, Florida",United States of America,America/New_York,-4.0,"(30.2187,-81.8767)"
KAL,Kaltag Airport,"Kaltag, Alaska",United States of America,America/Anchorage,-8.0,"(64.3191,-158.741)"
CRP,Corpus Christi Intl,"Corpus Christi, Texas",United States of America,America/Chicago,-5.0,"(27.770361,-97.501222)"
KLC,Kaolack,Kaolack,Senegal,Africa/Dakar,0.0,"(14.146881,-16.051297)"
TRD,Vaernes,Trondheim,Norway,Europe/Oslo,2.0,"(63.457556,10.92425)"
YVB,Bonaventure Airport,Bonaventure,Canada,America/Montreal,-4.0,"(48.0711,-65.4603)"
LZO,Luzhou Airport,Luzhou,China,Asia/Chongqing,8.0,"(28.8522,105.393)"
TGM,Transilvania Targu Mures,Tirgu Mures,Romania,Europe/Bucharest,3.0,"(46.467714,24.412525)"
KNH,Shang Yi,Kinmen,Taiwan,Asia/Taipei,8.0,"(24.427892,118.359197)"
SMI,Samos,Samos,Greece,Europe/Athens,3.0,"(37.689999,26.911667)"
GDT,JAGS McCartney International Airport,Grand Turk Is,Turks and Caicos Islands,America/Grand_Turk,-4.0,"(21.4445,-71.1423)"
FLF,Flensburg Schaferhaus,Flensburg,Germany,Europe/Berlin,2.0,"(54.771772,9.378214)"
MFI,Marshfield Municipal Airport,"Marshfield, Wisconsin",United States of America,America/Chicago,-5.0,"(44.6368797,-90.1893267)"
DOL,St Gatien,Deauville,France,Europe/Paris,2.0,"(49.365339,0.154306)"
ASH,Boire Field Airport,"Nashua, New Hampshire",United States of America,America/New_York,-4.0,"(42.78175,-71.5147778)"
TSF,Treviso,Venice,Italy,Europe/Rome,2.0,"(45.6484,12.194422)"
VCE,Marco Polo di Tessera,Venice,Italy,Europe/Rome,2.0,"(45.505278,12.351944)"
XVQ,Santa Lucia Rail Stn,Venice,Italy,Europe/Rome,2.0,"(0.0,0.0)"
XVY,Mestre Railway Station,Venice,Italy,Europe/Rome,2.0,"(0.0,0.0)"
IPL,Imperial Co,"El Centro, CA",United States of America,America/Los_Angeles,-7.0,"(32.834219,-115.578744)"
NJK,El Centro Naf,"El Centro, CA",United States of America,America/Los_Angeles,-7.0,"(32.829222,-115.671667)"
DRO,Durango La Plata Co,"Durango, Colorado",United States of America,America/Denver,-6.0,"(37.151516,-107.75377)"
SKK,Shaktoolik Airport,"Shaktoolik, Alaska",United States of America,America/Anchorage,-8.0,"(64.371111,-161.223889)"
AMY,Ambatomainty Airport,Ambatomainty,Madagascar,Africa/Juba,2.0,"(-17.1667,47.1833)"
ALP,Aleppo Intl,Aleppo,Syria,Asia/Damascus,3.0,"(36.180675,37.224358)"
TER,Lajes,Terceira Island,Portugal,Atlantic/Azores,0.0,"(38.761842,-27.090797)"
HAP,Long island         ,Long Island,Australia,Asia/Vladivostok,10.0,"(0.0,0.0)"
PWQ,Pavlodar,Pavlodar,Kazakhstan,Asia/Qyzylorda,5.0,"(52.195,77.073889)"
FRI,Marshall Aaf,"Fort Riley, Kansas",United States of America,America/Chicago,-5.0,"(39.055275,-96.764453)"
SBK,Armor,Saint Brieuc,France,Europe/Paris,2.0,"(48.537777,-2.854445)"
OBU,Kobuk Airport,"Kobuk, Alaska",United States of America,America/Anchorage,-8.0,"(66.912222,-156.897222)"
CIP,Chipata Airport,Chipata,Zambia,Africa/Lusaka,2.0,"(-13.5583,32.5872)"
CSC,Codela Airport,Canas,Costa Rica,America/Costa_Rica,-6.0,"(10.414,-85.0917)"
UIK,Ust-Ilimsk,Ust Ilimsk,Russian Federation,Asia/Irkutsk,8.0,"(58.135,102.566)"
AKS,Auki Airport,Auki,Solomon Islands,Pacific/Guadalcanal,11.0,"(-8.70257,160.682)"
ZGU,Gaua Island Airport,Gaua,Vanuatu,Pacific/Efate,11.0,"(-14.2181,167.587)"
PNZ,Senador Nilo Coelho,Petrolina,Brazil,America/Recife,-3.0,"(-9.362411,-40.569097)"
BES,Guipavas,Brest,France,Europe/Paris,2.0,"(48.447911,-4.418539)"
CIS,Canton,Canton Island,Kiribati,Pacific/Enderbury,13.0,"(-2.768122,-171.710394)"
MMI,McMinn Co,"Athens, Tennessee",United States of America,America/New_York,-4.0,"(35.39919,-84.56177)"
LMO,Lossiemouth,Lossiemouth,Great Britain (United Kingdom),Europe/London,1.0,"(57.705214,-3.339169)"
KYD,Lanyu,Orchid Island,Taiwan,Asia/Taipei,8.0,"(22.028842,121.533642)"
QXG,Angers St Laud,Angers,France,America/Chicago,-5.0,"(47.464714,-0.556405)"
ANE,Angers-Loire Airport,Angers,France,America/Chicago,-5.0,"(47.5603,-0.312222)"
VNX,Vilankulo,Vilanculos,Mozambique,Africa/Maputo,2.0,"(-22.018431,35.313297)"
BMK,Borkum,Borkum,Germany,Europe/Berlin,2.0,"(53.5955,6.709167)"
WAE,Wadi Al Dawasir Airport,Wadi Ad Dawasir,Saudi Arabia,Asia/Riyadh,3.0,"(20.504275,45.199556)"
RIX,Riga Intl,Riga,Latvia,Europe/Riga,3.0,"(56.923611,23.971111)"
CEE,Cherepovets Airport,Cherepovets,Russian Federation,Europe/Moscow,3.0,"(59.279593,38.022102)"
SYO,Shonai Airport,Shonai,Japan,Asia/Tokyo,9.0,"(38.812222,139.787222)"
ZAJ,Zaranj Airport,Zaranj,Afghanistan,Asia/Kabul,4.5,"(30.969167,61.866944)"
OSZ,Koszalin - Zegrze Pomorskie Airport,Koszalin,Poland,Europe/Warsaw,2.0,"(54.041,16.266)"
CCV,Craig Cove Airport,Craig Cove,Vanuatu,Pacific/Efate,11.0,"(-16.265,167.924)"
CHG,Chaoyang Airport,Chaoyang(Liaoning),China,Asia/Shanghai,8.0,"(41.5381,120.435)"
HRO,Boone Co,"Harrison, Arkansas",United States of America,America/Chicago,-5.0,"(36.261519,-93.154728)"
RDZ,Marcillac,Rodez,France,Europe/Paris,2.0,"(44.407869,2.482672)"
SDQ,Las Americas Intl,Santo Domingo,Dominican Republic,America/Santo_Domingo,-4.0,"(18.429664,-69.668925)"
JBQ,Dr Joaquin Balaguer International Airport,Santo Domingo,Dominican Republic,America/Santo_Domingo,-4.0,"(18.5725,-69.9856)"
CUF,Levaldigi,Cuneo,Italy,Europe/Rome,2.0,"(44.547019,7.623217)"
PQM,Palenque            ,Palenque,Mexico,America/Mexico_City,-6.0,"(17.5334,-91.9845)"
PVC,Provincetown Muni,"Provincetown, Massachusetts",United States of America,America/New_York,-4.0,"(42.071945,-70.22139)"
USI,Mabaruma Airport,Mabaruma,Guyana,America/Guyana,-4.0,"(8.2,-59.783333)"
CGM,Camiguin Airport,Camiguin,Philippines,Asia/Manila,8.0,"(9.25352,124.707)"
GJL,Jijel,Jijel,Algeria,Africa/Algiers,1.0,"(36.795136,5.873608)"
OSB,Mosul International Airport,"Osage Beach, Missouri",United States of America,America/Montreal,-4.0,"(36.305833,43.1475)"
MAF,Midland Intl,"Midland, Texas",United States of America,America/Chicago,-5.0,"(31.942528,-102.201914)"
FDE,Forde Bringeland,Forde,Norway,Europe/Oslo,2.0,"(61.392,5.763)"
SRE,Juana Azurduy De Padilla,Sucre,Bolivia,America/La_Paz,-4.0,"(-19.007083,-65.288747)"
DOU,Dourados Airport,Dourados,Brazil,America/Campo_Grande,-4.0,"(-22.220833,-54.805833)"
EKI,Elkhart Municipal,"Elkhart, Indiana",United States of America,America/Indiana/Indianapolis,-4.0,"(41.719444,-86.003333)"
NNY,Nanyang Airport,Nanyang,China,Asia/Shanghai,8.0,"(32.9808,112.615)"
SFN,Sauce Viejo,Santa Fe,Argentina,America/Argentina/Cordoba,-3.0,"(-31.711666,-60.811668)"
KAE,Kake Seaplane Base,"Kake, Alaska",United States of America,America/Sitka,-8.0,"(56.973056,-133.945556)"
LEW,Lewiston Maine,"Lewiston, Maine",United States of America,America/New_York,-4.0,"(44.0484728,-70.2835075)"
YLE,Whatì Airport,Wha Ti Lac La Matre,Canada,America/Yellowknife,-6.0,"(63.1317,-117.246)"
MHV,Mojave,"Mojave, California",United States of America,America/Los_Angeles,-7.0,"(35.059364,-118.151856)"
TEX,Telluride,"Telluride, Colorado",United States of America,America/Denver,-6.0,"(37.953759,-107.90848)"
EDB,Eldebba             ,Eldebba,Sudan,Africa/Khartoum,2.0,"(18.025,30.9583)"
YOO,Oshawa Airport,Oshawa,Canada,America/Toronto,-4.0,"(43.9228,-78.895)"
RBV,Ramata Airport,Ramata,Solomon Islands,Pacific/Guadalcanal,11.0,"(-8.16806,157.643)"
YEN,Estevan,Estevan,Canada,America/Regina,-6.0,"(49.210278,-102.965833)"
SPZ,Silver Springs Airport,"Springdale, Arkansas",United States of America,America/Chicago,-5.0,"(39.4030278,-119.2511944)"
BDN,Talhar,Badin,Pakistan,Asia/Karachi,5.0,"(24.841519,68.838408)"
EDA,Edna bay            ,"Edna Bay, Alaska",United States of America,America/Anchorage,-8.0,"(55.95002,-133.66662)"
WMP,Mampikony Airport,Mampikony,Madagascar,Indian/Antananarivo,3.0,"(-16.049,47.622)"
IDY,Île d'Yeu Airport,Ile D Yeu,France,Europe/Paris,2.0,"(46.718611,-2.391111)"
MSQ,Minsk 2,Minsk,Belarus,Europe/Minsk,3.0,"(53.882469,28.030731)"
MHP,Minsk 1,Minsk,Belarus,Europe/Minsk,3.0,"(53.864472,27.539683)"
VOL,Nea Anchialos,Volos,Greece,Europe/Athens,3.0,"(39.219619,22.794339)"
RAO,Leite Lopes,Ribeirao Preto,Brazil,America/Sao_Paulo,-3.0,"(-21.134167,-47.774189)"
TTD,Portland Troutdale,"Troutdale, Oregon",United States of America,America/Los_Angeles,-7.0,"(45.54937,-122.401253)"
LAI,Lannion,Lannion,France,Europe/Paris,2.0,"(48.754378,-3.471656)"
ASF,Astrakhan,Astrakhan,Russian Federation,Europe/Volgograd,3.0,"(46.283333,48.006278)"
OUR,Batouri             ,Batouri,Cameroon,Africa/Douala,1.0,"(4.46667,14.36667)"
XCR,Vatry,Chalons En Champagne,France,Europe/Paris,2.0,"(48.776072,4.184492)"
PHW,Phalaborwa,Phalaborwa,South Africa,Africa/Johannesburg,2.0,"(-23.937166,31.15539)"
RKS,Rock Springs Sweetwater County Airport,"Rock Springs, Wyoming",United States of America,America/Denver,-6.0,"(41.5942,-109.065)"
YYY,Mont Joli,Mont Joli,Canada,America/Montreal,-4.0,"(48.608612,-68.208056)"
WOE,Woensdrecht,Bergen Op Zoom,Netherlands (Holland),Europe/Amsterdam,2.0,"(51.449092,4.342031)"
IFJ,Isafjordur,Isafjordur,Iceland,Atlantic/Reykjavik,0.0,"(66.058056,-23.135278)"
YDN,Dauphin Barker,Dauphin,Canada,America/Winnipeg,-5.0,"(51.100834,-100.0525)"
QYP,APELDOORN,Apeldoorn,Netherlands (Holland),Europe/Amsterdam,2.0,"(52.212419,5.965886)"
KOP,Nakhon Phanom,Nakhon Phanom,Thailand,Asia/Bangkok,7.0,"(17.383794,104.643022)"
ABU,Atambua             ,Atambua,Indonesia,Asia/Makassar,8.0,"(-9.07305,124.905)"
SLE,McNary Field,"Salem, Oregon",United States of America,America/Los_Angeles,-7.0,"(44.9095,-123.003)"
UKS,Belbek Sevastopol International Airport,Sevastopol,Russian Federation,Europe/Simferopol,3.0,"(44.691431,33.57567)"
INF,In guezzam          ,In Guezzam,Algeria,Africa/Algiers,1.0,"(19.56667,5.75)"
WIO,Wilcannia,Wilcannia,Australia,Australia/Sydney,10.0,"(-31.51749992,143.3789978)"
TGZ,Angel Albino Corzo,Tuxtla Gutierrez,Mexico,America/Mexico_City,-6.0,"(16.561822,-93.026081)"
RGN,Yangon Intl,Yangon,Myanmar,Asia/Rangoon,6.5,"(16.907305,96.133222)"
TED,Thisted,Thisted,Denmark,Europe/Copenhagen,2.0,"(57.0688,8.705225)"
TNE,New Tanegashima,Tanegashima,Japan,Asia/Tokyo,9.0,"(30.605067,130.991231)"
RNL,Rennell/Tingoa Airport,Rennell,Solomon Islands,Pacific/Guadalcanal,11.0,"(-11.5339,160.063)"
LKB,Lakeba Island Airport,Lakeba,Fiji,Pacific/Fiji,12.0,"(-18.1992,-178.817)"
JEF,Jefferson City Memorial Airport,"Jefferson City, Missouri",United States of America,America/Chicago,-5.0,"(38.5912,-92.1561)"
GDW,Gladwin Zettel Memorial Airport,"Gladwin, Michigan",United States of America,America/Detroit,-4.0,"(43.9705893,-84.47502)"
RMS,Ramstein Ab,Ramstein,Germany,Europe/Berlin,2.0,"(49.436911,7.600283)"
GIY,Giyani              ,Giyani,South Africa,Africa/Johannesburg,2.0,"(-23.2833,30.65)"
BDO,Husein Sastranegara,Bandung,Indonesia,Asia/Jakarta,7.0,"(-6.900625,107.576294)"
CPT,Cape Town Intl,Cape Town,South Africa,Africa/Johannesburg,2.0,"(-33.964806,18.601667)"
PSL,Perth Scone Airport,Perth,Great Britain (United Kingdom),Europe/London,1.0,"(56.439722,-3.371389)"
SAX,Sambu Airport,Sambu,Panama,America/Panama,-5.0,"(8.017,-78.2)"
GVT,Majors,"Greenville, Texas",United States of America,America/Chicago,-5.0,"(33.067839,-96.065333)"
IXR,Birsa Munda,Ranchi,India,Asia/Kolkata,5.5,"(23.31425,85.321675)"
NCE,Cote D'Azur,Nice,France,Europe/Paris,2.0,"(43.658411,7.215872)"
NВИ,Nice ville,Nice,France,Europe/Paris,2.0,"(0.0,0.0)"
SMQ,Sampit(Hasan) Airport,Sampit,Indonesia,Asia/Pontianak,7.0,"(-2.499194,112.974992)"
ELG,El Golea,El Golea,Algeria,Africa/Algiers,1.0,"(30.571294,2.859586)"
USU,Busuanga,Busuanga,Philippines,Asia/Manila,8.0,"(12.121458,120.100031)"
BWK,Brac,Brac,Croatia,Europe/Zagreb,2.0,"(43.285719,16.679719)"
YNJ,Yanji Airport,Yanji,China,Asia/Harbin,8.0,"(42.8828,129.451258)"
QOW,Imo Airport,Owerri,Nigeria,Africa/Lagos,1.0,"(5.42706,7.20603)"
GRX,Granada,Granada,Spain,Europe/Madrid,2.0,"(37.188731,-3.777356)"
SGO,St George Airport,Saint George,Australia,Australia/Brisbane,10.0,"(-28.0497,148.595)"
SGY,Skagway Airport,"Skagway, Alaska",United States of America,America/Juneau,-8.0,"(59.4601,-135.316)"
KLL,Levelock Airport,"Levelock, Alaska",United States of America,America/Anchorage,-8.0,"(59.128056,-156.858611)"
GDZ,Gelendzik,Gelendzik,Russian Federation,Europe/Moscow,3.0,"(44.594111,38.025575)"
WAQ,Antsalova Airport,Antsalova,Madagascar,Indian/Antananarivo,3.0,"(-18.7,44.617)"
QQX,Bath Spa railway station,Bath,Great Britain (United Kingdom),Europe/London,1.0,"(51.3775,-2.3564)"
TDL,Tandil,Tandil,Argentina,America/Argentina/Buenos_Aires,-3.0,"(-37.237392,-59.227922)"
NLG,Nelson Lagoon,"Nelson Lagoon, Alaska",United States of America,America/Anchorage,-8.0,"(56.0075,-161.160278)"
DOG,Dongola,Dongola,Sudan,Africa/Khartoum,2.0,"(19.153867,30.430094)"
PSV,Papa Stour Airport,Papa Stour,Great Britain (United Kingdom),Europe/London,1.0,"(60.3217,-1.69306)"
OMO,Mostar,Mostar,Bosnia & Herzegovina,Europe/Sarajevo,2.0,"(43.2829,17.845878)"
CTA,Catania Fontanarossa,Catania,Italy,Europe/Rome,2.0,"(37.466781,15.0664)"
EXM,Exmouth Airport,Exmouth Gulf,Australia,Australia/Perth,8.0,"(-21.933,114.128)"
BOM,Chhatrapati Shivaji Intl,Mumbai,India,Asia/Kolkata,5.5,"(19.088686,72.867919)"
YCG,Castlegar,Castlegar,Canada,America/Vancouver,-7.0,"(49.296389,-117.6325)"
PPW,Papa Westray Airport,Papa Westray,Great Britain (United Kingdom),Europe/London,1.0,"(59.3517,-2.90028)"
YXX,Abbotsford,Abbotsford,Canada,America/Vancouver,-7.0,"(49.025278,-122.360556)"
VEE,Venetie Airport,"Venetie, Alaska",United States of America,America/Anchorage,-8.0,"(67.008611,-146.366389)"
TJA,Capitan Oriel Lea Plaza,Tarija,Bolivia,America/La_Paz,-4.0,"(-21.555736,-64.701325)"
JAD,Perth Jandakot,Jandakot,Australia,Australia/Perth,8.0,"(-32.0975,115.881111)"
HAD,Halmstad,Halmstad,Sweden,Europe/Stockholm,2.0,"(56.691128,12.820211)"
HUK,Hukuntsi,Hukuntsi,Botswana,Africa/Harare,2.0,"(-23.9897,21.7581)"
SON,Santo Pekoa International Airport,Espiritu Santo,Vanuatu,Pacific/Efate,11.0,"(-15.505033,167.219742)"
NEK,Nekemt              ,Nekemt,Ethiopia,Africa/Addis_Ababa,3.0,"(9.05,36.6)"
PZO,General Manuel Carlos Piar,Puerto Ordaz,Venezuela,America/Caracas,-4.0,"(8.288528,-62.760361)"
LES,Leuterschach BF,Lesobeng,Lesotho,Africa/Maseru,2.0,"(47.75,10.601)"
VLI,Port Vila Bauerfield,Port Vila,Vanuatu,Pacific/Efate,11.0,"(-17.699325,168.319794)"
SZS,Ryans Creek Aerodrome,Stewart Island,New Zealand,Pacific/Auckland,12.0,"(-46.899693,168.101592)"
PAC,Marcos A Gelabert Intl,Panama City,Panama,America/Panama,-5.0,"(8.973339,-79.555583)"
PTY,Tocumen Intl,Panama City,Panama,America/Panama,-5.0,"(9.071364,-79.383453)"
QYD,Gdynia,Gdynia,Poland,Europe/Paris,2.0,"(54.5797,18.5172)"
FNC,Madeira,Funchal,Portugal,Atlantic/Madeira,1.0,"(32.697889,-16.774453)"
BBR,Baillif Airport,Basse Terre,Guadeloupe,America/Guadeloupe,-4.0,"(16.0133,-61.7422)"
QXZ,BUS STATION,Woergl,Austria,Europe/Vienna,2.0,"(0.0,0.0)"
BOC,Bocas Del Toro Intl,Bocas Del Toro,Panama,America/Panama,-5.0,"(9.340853,-82.250842)"
DEM,Dembidollo Airport,Dembidollo,Ethiopia,Africa/Addis_Ababa,3.0,"(8.554,34.858)"
ABZ,Dyce,Aberdeen,Great Britain (United Kingdom),Europe/London,1.0,"(57.201944,-2.197778)"
ZXA,Aberdeen Railway Station,Aberdeen,Great Britain (United Kingdom),Europe/London,1.0,"(57.1474915,-2.095397)"
RWL,Rawlins Municipal Airport-Harvey Field,"Rawlins, Wyoming",United States of America,America/Denver,-6.0,"(41.8055975,-107.19994)"
PES,Petrozavodsk Airport,Petrozavodsk,Russian Federation,Europe/Moscow,3.0,"(61.8852,34.1547)"
YGB,Texada Gillies Bay Airport,Gillies Bay,Canada,America/Vancouver,-7.0,"(49.6942,-124.518)"
MBH,Maryborough Airport,Maryborough,Australia,Australia/Brisbane,10.0,"(-25.5133,152.715)"
YYN,Swift Current,Swift Current,Canada,America/Regina,-6.0,"(50.291944,-107.690556)"
MKZ,Malacca,Malacca,Malaysia,Asia/Kuala_Lumpur,8.0,"(2.263361,102.251553)"
PUZ,Puerto Cabezas,Puerto Cabezas,Nicaragua,America/Managua,-6.0,"(14.047194,-83.386722)"
BFD,Bradford Regional Airport,"Bradford, Pennsylvania",United States of America,America/New_York,-4.0,"(41.8031,-78.6401)"
GVA,Geneve Cointrin,Geneve,Switzerland,Europe/Zurich,2.0,"(46.238064,6.10895)"
ZHT,Geneva railway station,Geneve,Switzerland,Europe/Zurich,2.0,"(46.210217,6.142447)"
KHT,FOB Salerno,Khost,Afghanistan,Asia/Kabul,4.5,"(33.3334,69.952)"
ZQS,Queen charlotte     ,Queen Charlotte Is,Canada,America/Vancouver,-7.0,"(0.0,0.0)"
KWZ,Kolwezi,Kolwezi,"Congo, Democratic Republic of the",Africa/Lubumbashi,2.0,"(-10.765886,25.505714)"
TIZ,Tari Airport,Tari,Papua New Guinea,Pacific/Port_Moresby,10.0,"(-5.845,142.948)"
CGD,Changde Airport,Changde,China,Asia/Shanghai,8.0,"(28.9189,111.64)"
KDH,Kandahar,Kandahar,Afghanistan,Asia/Kabul,4.5,"(31.505756,65.847822)"
BEB,Benbecula,Benbecula,Great Britain (United Kingdom),Europe/London,1.0,"(57.481111,-7.362778)"
WAK,Ankazoabo           ,Ankazoabo,Madagascar,Indian/Antananarivo,3.0,"(0.0,0.0)"
QNX,Charnay,Macon,France,Europe/Paris,2.0,"(46.295103,4.795767)"
MGJ,Orange County Airport,"Montgomery, New York",United States of America,America/New_York,-4.0,"(41.5099884,-74.2646444)"
MCV,McArthur River Mine Airport,Mcarthur River,Australia,Australia/Darwin,9.5,"(-16.4425,136.084)"
KOE,El Tari,Kupang,Indonesia,Asia/Makassar,8.0,"(-10.171583,123.671136)"
BCN,Barcelona,Barcelona,Spain,Europe/Madrid,2.0,"(41.297078,2.078464)"
YJD,FRANCA RAILWAY STN,Barcelona,Spain,Europe/Madrid,2.0,"(0.0,0.0)"
YJB,Saints Railway Stn,Barcelona,Spain,Europe/Madrid,2.0,"(0.0,0.0)"
HLD,Dongshan,Hailar,China,Asia/Shanghai,8.0,"(49.204997,119.825)"
GRD,Greenwood,"Greenwood, South Carolina",United States of America,America/New_York,-4.0,"(34.24957,-82.1579)"
CWL,Cardiff,Cardiff,Great Britain (United Kingdom),Europe/London,1.0,"(51.396667,-3.343333)"
CFW,Cardiff railway station,Cardiff,Great Britain (United Kingdom),Europe/London,1.0,"(-32.94174,151.662891)"
WUG,Wau                 ,Wau,Papua New Guinea,Pacific/Port_Moresby,10.0,"(0.0,0.0)"
MVQ,Mogilev Airport,Mogilyov,Belarus,Europe/Minsk,3.0,"(53.9549,30.0951)"
CRU,Lauriston Airport,Carriacou Is,Grenada,America/Grenada,-4.0,"(12.4761,-61.4728)"
KRW,Turkmenbashi,Turkmanbashi,Turkmenistan,Asia/Ashgabat,5.0,"(40.063333,53.007222)"
ILF,Ilford Airport,Ilford,Canada,America/Winnipeg,-5.0,"(56.0614,-95.6139)"
ZZU,Mzuzu,Mzuzu,Malawi,Africa/Blantyre,2.0,"(-11.44475,34.011776)"
KVA,Megas Alexandros Intl,Kavala,Greece,Europe/Athens,3.0,"(40.913306,24.619223)"
WHK,Whakatane,Whakatane,New Zealand,Pacific/Auckland,12.0,"(-37.920556,176.914167)"
MCN,Middle Georgia Rgnl,"Macon, Georgia",United States of America,America/New_York,-4.0,"(32.69285,-83.649211)"
INY,Singita Sabi Sands,Inyati,South Africa,Africa/Kigali,2.0,"(-24.815,31.42)"
PSK,New river valley,"Dublin, Virginia",United States of America,America/Havana,-4.0,"(37.13829,-80.68105)"
OKB,Orchid Beach,Orchid Beach,Australia,Asia/Vladivostok,10.0,"(-24.95841,153.3145)"
CHO,Charlottesville-Albemarle,"Charlottesville, Virginia",United States of America,America/New_York,-4.0,"(38.138639,-78.452861)"
YCB,Cambridge Bay,Cambridge Bay,Canada,America/Cambridge_Bay,-6.0,"(69.108055,-105.138333)"
LAL,Lakeland Linder Regional Airport,"Lakeland, Florida",United States of America,America/New_York,-4.0,"(27.9889167,-82.0185556)"
MJV,Murcia San Javier,Murcia,Spain,Europe/Madrid,2.0,"(37.774972,-0.812389)"
XUT,RAILWAY STATION,Murcia,Spain,Europe/Madrid,2.0,"(0.0,0.0)"
RMU,INTL REGION DE MURCIA,Murcia,Spain,Europe/Madrid,2.0,"(37.802583,-1.125389)"
GMB,Gambella,Gambela,Ethiopia,Africa/Addis_Ababa,3.0,"(8.128764,34.563131)"
JNG,Jining Airport,Jining,China,Asia/Shanghai,8.0,"(35.417,116.533)"
PMW,Palmas,Palmas,Brazil,America/Araguaina,-3.0,"(-10.241667,-48.35278)"
PDO,Pendopo Airport,Pendopo,Indonesia,Asia/Jakarta,7.0,"(-3.286069,103.8796)"
LLN,Kelila              ,Kelila,Indonesia,Asia/Jayapura,9.0,"(-3.75,138.66667)"
FIG,Fria,Fria,Guinea,Africa/Conakry,0.0,"(10.350556,-13.569167)"
PBJ,Tavie Airport,Paama,Vanuatu,Pacific/Efate,11.0,"(-16.439,168.257)"
PXU,Pleiku Airport,Pleiku,Viet Nam,Asia/Ho_Chi_Minh,7.0,"(14.004522,108.017158)"
BLK,Blackpool,Blackpool,Great Britain (United Kingdom),Europe/London,1.0,"(53.771667,-3.028611)"
WSR,Wasior              ,Wasior,Indonesia,Asia/Jayapura,9.0,"(-2.73359,134.51801)"
MBS,Mbs Intl,"Saginaw, Michigan",United States of America,America/Detroit,-4.0,"(43.532913,-84.079647)"
DJB,Sultan Thaha,Jambi,Indonesia,Asia/Jakarta,7.0,"(-1.638017,103.644378)"
OGZ,Beslan Airport,Vladikavkaz,Russian Federation,Europe/Moscow,3.0,"(43.2051,44.6066)"
MZV,Mulu,Mulu,Malaysia,Asia/Kuching,8.0,"(4.048333,114.805)"
AMS,Schiphol,Amsterdam,Netherlands (Holland),Europe/Amsterdam,2.0,"(52.308613,4.763889)"
ZYA,Amsterdam Centraal,Amsterdam,Netherlands (Holland),Europe/Amsterdam,2.0,"(52.3787,4.899931)"
LPA,Gran Canaria,Gran Canaria,Spain,Atlantic/Canary,1.0,"(27.931886,-15.386586)"
RTA,Rotuma Airport,Rotuma Island,Fiji,Pacific/Fiji,12.0,"(-12.4825,177.071)"
BBK,Kasane,Kasane,Botswana,Africa/Gaborone,2.0,"(-17.832875,25.1624)"
BIM,South Bimini,Bimini,Bahamas,America/Nassau,-4.0,"(25.699881,-79.264656)"
NSB,Bimini North Seaplane Base,Bimini,Bahamas,America/Nassau,-4.0,"(25.767,-79.25)"
KTM,Tribhuvan Intl,Kathmandu,Nepal,Asia/Kathmandu,5.75,"(27.696583,85.3591)"
WSY,Whitsunday Airstrip,Airlie Beach,Australia,Asia/Vladivostok,10.0,"(-20.276,148.755)"
OSC,Oscoda Wurtsmith,"Oscoda, Michigan",United States of America,America/Detroit,-4.0,"(44.451558,-83.394053)"
BDQ,Vadodara,Vadodara,India,Asia/Kolkata,5.5,"(22.336164,73.226289)"
ELJ,El recreo           ,El Recreo,Colombia,America/Rio_Branco,-5.0,"(0.0,0.0)"
ZNF,Hanau Aaf,Hanau,Germany,Europe/Berlin,2.0,"(50.169189,8.961586)"
YQT,Thunder Bay,Thunder Bay,Canada,America/Thunder_Bay,-4.0,"(48.371944,-89.323889)"
NLC,Lemoore Nas,"Lemoore, California",United States of America,America/Los_Angeles,-7.0,"(36.333012,-119.95208)"
RDO,Radom,Radom,Poland,Europe/Warsaw,2.0,"(51.39,21.21)"
PIF,Pingtung South,Pingtung,Taiwan,Asia/Taipei,8.0,"(22.672367,120.461728)"
FGL,Fox Glacier Airstrip,Fox Glacier,New Zealand,Pacific/Auckland,12.0,"(-43.4,170.033)"
XAP,Chapeco,Chapeco,Brazil,America/Sao_Paulo,-3.0,"(-27.134219,-52.656553)"
SKZ,Sukkur,Sukkur,Pakistan,Asia/Karachi,5.0,"(27.721989,68.791683)"
BLV,Scott Afb Midamerica,"Belleville, Illinois",United States of America,America/Chicago,-5.0,"(38.545178,-89.835183)"
WWK,Wewak Intl,Wewak,Papua New Guinea,Pacific/Port_Moresby,10.0,"(-3.583828,143.669186)"
HGL,Helgoland-Düne Airport,Helgoland,Germany,Europe/Berlin,2.0,"(54.1853,7.91583)"
TPE,Taiwan Taoyuan Intl,Taipei,Taiwan,Asia/Taipei,8.0,"(25.077731,121.232822)"
TSA,Sungshan,Taipei,Taiwan,Asia/Taipei,8.0,"(25.069722,121.5525)"
BNY,Bellona,Bellona,Solomon Islands,Pacific/Guadalcanal,11.0,"(-11.302,159.8)"
PAF,Pakuba Airport,Pakuba,Uganda,Africa/Kampala,3.0,"(2.3275,31.5)"
SCQ,Santiago,Santiago,Spain,Europe/Madrid,2.0,"(42.896333,-8.415144)"
LBL,Liberal Muni,"Liberal, Kansas",United States of America,Asia/Kuching,8.0,"(37.044222,-100.95986)"
BBO,Berbera,Berbera,Somali,Africa/Mogadishu,3.0,"(10.389167,44.941106)"
YGR,Iles De La Madeleine,Iles De La Madele,Canada,America/Halifax,-3.0,"(47.424721,-61.778056)"
UMY,Сумы                ,Sumi,Ukraine,Europe/Kiev,3.0,"(50.8583,34.7625)"
JYV,Jyvaskyla,Jyvaskyla,Finland,Europe/Helsinki,3.0,"(62.399453,25.678253)"
LLF,Yongzhou Lingling Airport,Ling Ling,China,Asia/Shanghai,8.0,"(26.345556,111.612222)"
NDG,Qiqihar Sanjiazi Airport,Qiqihar,China,Asia/Harbin,8.0,"(47.239628,123.918131)"
WTN,Waddington,Waddington,Great Britain (United Kingdom),Europe/London,1.0,"(53.166167,-0.523811)"
ARK,Arusha,Arusha,Tanzania,Africa/Dar_es_Salaam,3.0,"(-3.367794,36.633333)"
DJG,Tiska,Djanet,Algeria,Africa/Algiers,1.0,"(24.292767,9.452444)"
TIW,Tacoma Narrows Airport,"Tacoma, Washington",United States of America,America/Vancouver,-7.0,"(47.267944,-122.57811)"
GRF,Gray Aaf,"Tacoma, Washington",United States of America,America/Vancouver,-7.0,"(47.079217,-122.580783)"
TCM,Mc Chord Afb,"Tacoma, Washington",United States of America,America/Vancouver,-7.0,"(47.137678,-122.476475)"
TNK,Tununak Airport,"Tununak, Alaska",United States of America,America/Anchorage,-8.0,"(60.575556,-165.271667)"
SFQ,Sanliurfa Airport,Sanliurfa,Turkey,Europe/Istanbul,3.0,"(37.094261,38.847103)"
GNY,Sanliurfa GAP,Sanliurfa,Turkey,Europe/Istanbul,3.0,"(37.45,38.9)"
TWD,Jefferson County Intl,"Port Townsend, Washington",United States of America,America/Los_Angeles,-7.0,"(48.0314,-122.4838)"
CRA,Craiova,Craiova,Romania,Europe/Bucharest,3.0,"(44.318139,23.888611)"
YGT,Igloolik Airport,Igloolik,Canada,America/Iqaluit,-4.0,"(69.3647,-81.8161)"
SYU,Warraber Island Airport,Sue Island,Australia,Australia/Brisbane,10.0,"(-10.2083,142.825)"
SGC,Surgut,Surgut,Russian Federation,Asia/Yekaterinburg,5.0,"(61.340905,73.408628)"
SLQ,Sleetmute Airport,"Sleetmute, Alaska",United States of America,America/Anchorage,-8.0,"(61.700566,-157.165833)"
LGB,Long Beach,"Long Beach, California",United States of America,America/Los_Angeles,-7.0,"(33.817722,-118.151611)"
YTR,Trenton,Trenton,Canada,America/Toronto,-4.0,"(44.118889,-77.528056)"
CUN,Cancun Intl,Cancun,Mexico,America/Cancun,-5.0,"(21.036528,-86.877083)"
YCW,Chilliwack,Chilliwack,Canada,America/Vancouver,-7.0,"(49.152779,-121.93889)"
FLV,Sherman Aaf,"Fort Leavenworth, Kansas",United States of America,America/Chicago,-5.0,"(39.368332,-94.914686)"
BJX,Guanajuato Intl,Leon,Mexico,America/Mexico_City,-6.0,"(20.993464,-101.480847)"
VEL,Vernal Regional Airport,"Vernal, Utah",United States of America,America/Denver,-6.0,"(40.440833,-109.51)"
JUM,Jumla,Jumla,Nepal,Asia/Kathmandu,5.75,"(29.274167,82.193333)"
MCD,Mackinac Island Airport,"Mackinac Island, Michigan",United States of America,America/Toronto,-4.0,"(45.8649344,-84.637344)"
QVL,Villach Hauptbahnhof,Villach,Austria,,,"(46.618333,13.848333)"
AKY,Sittwe,Sittwe,Myanmar,Asia/Rangoon,6.5,"(20.132708,92.872628)"
VEV,Barakoma            ,Barakoma,Solomon Islands,Pacific/Guadalcanal,11.0,"(-7.91278,156.70599)"
JDH,Jodhpur,Jodhpur,India,Asia/Kolkata,5.5,"(26.251092,73.048869)"
KUY,Kamusi Airport,Kamusi,Papua New Guinea,,,"(-7.42035,143.122)"
SFD,San Fernando De Apure,San Fernando De Apure,Venezuela,America/Caracas,-4.0,"(7.883317,-67.444025)"
HVR,Havre City Co,"Havre, MO",United States of America,America/Denver,-6.0,"(48.542983,-109.762342)"
UAP,Ua Pou Airport,Ua Pou,French Polynesia,Pacific/Marquesas,-9.5,"(-9.35167,-140.078)"
OWB,Owensboro Daviess County Airport,"Owensboro, KY",United States of America,America/Chicago,-5.0,"(37.7401,-87.1668)"
TBJ,7 Novembre,Tabarka,Tunisia,Africa/Tunis,1.0,"(36.978333,8.876389)"
YUB,Tuktoyaktuk,Tuktoyaktuk,Canada,America/Yellowknife,-6.0,"(69.433334,-133.026389)"
ADY,Alldays Airport,Alldays,South Africa,Africa/Johannesburg,2.0,"(-22.678889,29.055278)"
IUE,Niue International Airport,Niue Island,Niue,Pacific/Niue,-11.0,"(-19.080028,-169.925639)"
WSJ,San Juan - Uganik Seaplane Base,"San Juan, Alaska",United States of America,America/Anchorage,-8.0,"(57.730278,-153.320556)"
BEN,Benina,Benghazi,Libyan Arab Jamahiriya,Africa/Tripoli,2.0,"(32.096786,20.269472)"
YTF,Alma Airport,Alma,Canada,America/Montreal,-4.0,"(48.508611,-71.641389)"
REL,Almirante Zar,Trelew,Argentina,America/Argentina/Catamarca,-3.0,"(-43.2105,-65.270319)"
HRB,Taiping,Harbin,China,Asia/Harbin,8.0,"(45.623403,126.250328)"
IRI,Iringa,Iringa,Tanzania,Africa/Dar_es_Salaam,3.0,"(-7.668633,35.752114)"
YZF,Yellowknife,Yellowknife,Canada,America/Yellowknife,-6.0,"(62.462778,-114.440278)"
AAA,Anaa,Anaa,French Polynesia,Pacific/Tahiti,-10.0,"(-17.352606,-145.509956)"
NNJ,Fajardo             ,Fajardo,Puerto Rico,America/Puerto_Rico,-4.0,"(0.0,0.0)"
FAJ,Diego Jimenez Torres,Fajardo,Puerto Rico,America/Puerto_Rico,-4.0,"(18.308889,-65.661861)"
RIG,Rio Grande,Rio Grande,Brazil,America/Sao_Paulo,-3.0,"(-32.082617,-52.166542)"
YMJ,Moose Jaw Air Vice Marshal C M Mcewen,Moose Jaw,Canada,America/Regina,-6.0,"(50.330278,-105.559167)"
PKC,Yelizovo,Petropavlovsk Kamchatsky,Russian Federation,Asia/Kamchatka,12.0,"(53.169342,158.425544)"
WRY,Westray Airport,Westray,Great Britain (United Kingdom),Europe/London,1.0,"(59.3503,-2.95)"
ESC,Delta County Airport,"Escanaba, Michigan",United States of America,America/Detroit,-4.0,"(45.722778,-87.093611)"
PMV,Del Caribe Intl Gen Santiago Marino,Porlamar,Venezuela,America/Caracas,-4.0,"(10.912926,-63.967581)"
NVA,Benito Salas,Neiva,Colombia,America/Bogota,-5.0,"(2.95015,-75.294)"
BKI,Kota Kinabalu Intl,Kota Kinabalu,Malaysia,Asia/Kuching,8.0,"(5.937208,116.051181)"
BQT,Brest,Brest,Belarus,Europe/Minsk,3.0,"(52.06,23.53)"
OGX,Ouargla,Ouargla,Algeria,Africa/Algiers,1.0,"(31.917223,5.412778)"
PCM,Playa del Carmen Airport,Playa Del Carmen,Mexico,America/Vancouver,-7.0,"(20.6225,-87.082221)"
AGT,Ciudad del Este,Ciudad Del Este,Paraguay,America/Asuncion,-3.0,"(-25.4555,-54.843592)"
SRQ,Sarasota Bradenton Intl,"Sarasota, Florida",United States of America,America/New_York,-4.0,"(27.395444,-82.554389)"
QPA,Padova,Padova,Italy,Europe/Rome,2.0,"(45.395767,11.847903)"
LPL,Liverpool,Liverpool,Great Britain (United Kingdom),Europe/London,1.0,"(53.333611,-2.849722)"
QЛС,Liverpool lime street,Liverpool,Great Britain (United Kingdom),Europe/London,1.0,"(0.0,0.0)"
LXC,CENTRAL RAILWAY STN,Liverpool,Great Britain (United Kingdom),Europe/London,1.0,"(53.4045,-2.9797)"
LXL,Liverpool Lime Street railway station,Liverpool,Great Britain (United Kingdom),Europe/London,1.0,"(53.4075,-2.9784)"
AGN,Angoon Seaplane Base,"Angoon, Alaska",United States of America,America/Juneau,-8.0,"(57.503611,-134.585)"
RDD,Redding Muni,"Redding, California",United States of America,America/Los_Angeles,-7.0,"(40.509,-122.293389)"
MQQ,Moundou,Moundou,Chad,Africa/Ndjamena,1.0,"(8.624406,16.071419)"
RNJ,Yoron,Yoronjima,Japan,Asia/Tokyo,9.0,"(27.043964,128.401517)"
CAF,Carauari Airport,Carauari,Brazil,America/Manaus,-4.0,"(-4.871389,-66.8975)"
FUB,Fulleborn           ,Fulleborn,Papua New Guinea,Asia/Vladivostok,10.0,"(0.0,0.0)"
BKC,Buckland Airport,"Buckland, Alaska",United States of America,America/Anchorage,-8.0,"(65.981667,-161.149167)"
MRN,Foothills Regional Airport,"Morganton, North Carolina",United States of America,America/New_York,-4.0,"(35.8202336,-81.6115119)"
MWK,Matak Airport,Matak,Indonesia,Asia/Jakarta,7.0,"(3.348119,106.25805)"
INL,Falls Intl,"International Falls, MN",United States of America,America/Chicago,-5.0,"(48.566186,-93.403067)"
WTE,Wotje Atoll Airport,Wotje Island,Marshall Islands,Pacific/Wallis,12.0,"(9.46667,170.233)"
KWP,West Point Village Seaplane Base,"West Point, Alaska",United States of America,America/Anchorage,-8.0,"(57.77,-153.548889)"
LVM,Mission Field Airport,"Livingston, Montana",United States of America,America/Denver,-6.0,"(45.6993889,-110.4483056)"
KLZ,Kleinsee,Kleinzee,South Africa,Africa/Johannesburg,2.0,"(-29.688403,17.094006)"
DMD,Doomadgee Airport,Doomadgee,Australia,Australia/Brisbane,10.0,"(-17.9403,138.822)"
KIA,Kaieteur International Airport,Kaiapit,Papua New Guinea,America/Guyana,-4.0,"(5.163333,-59.483333)"
MRE,Mara Serena Airport,Mara Lodges,Kenya,Africa/Nairobi,3.0,"(-1.406111,35.008056)"
MQN,Røssvoll Airport,Mo I Rana,Norway,Europe/Oslo,2.0,"(66.3639,14.3014)"
PDL,Ponta Delgada,Ponta Delgada Azores,Portugal,Atlantic/Azores,0.0,"(37.741184,-25.69787)"
LIR,Daniel Oduber Quiros Intl,Liberia,Costa Rica,America/Costa_Rica,-6.0,"(10.593289,-85.544408)"
EAA,Eagle Airport,"Eagle, Alaska",United States of America,America/Anchorage,-8.0,"(64.778056,-141.149722)"
NKY,Nkayi               ,Nkayi,Congo,Africa/Brazzaville,1.0,"(0.0,0.0)"
SCY,San Cristóbal Airport,San Cristobal,Ecuador,Pacific/Galapagos,-6.0,"(-0.910206,-89.61745)"
LWN,Gyumri,Gyumri,Armenia,Asia/Yerevan,4.0,"(40.750369,43.859342)"
CIT,Shymkent,Shimkent,Kazakhstan,Asia/Qyzylorda,5.0,"(42.368454,69.482007)"
NSY,Sigonella,Sigonella,Italy,Europe/Rome,2.0,"(37.401664,14.922358)"
DLZ,Dalanzadgad Airport,Dalanzagdad,Mongolia,Asia/Ulaanbaatar,8.0,"(43.5917,104.43)"
LCI,Laconia             ,"Laconia, New Hampshire",United States of America,America/Iqaluit,-4.0,"(43.57296,-71.41818)"
FAF,Felker Aaf,"Fort Eustis, Virginia",United States of America,America/New_York,-4.0,"(37.1325,-76.608841)"
ZVK,Savannakhet,Savannakhet,Lao People's Democratic Republic,Asia/Vientiane,7.0,"(16.556594,104.759531)"
ENT,Eniwetok Airport,Enewetak Island,Marshall Islands,Pacific/Majuro,12.0,"(11.34075,162.327861)"
SWA,Wai Sha Airport,Shantou,China,Asia/Shanghai,8.0,"(23.4,116.683)"
LWS,Lewiston Nez Perce Co,"Lewiston, Idaho",United States of America,America/Los_Angeles,-7.0,"(46.3745,-117.015389)"
MLD,Malad City,"Malad City, Idaho",United States of America,America/Boise,-6.0,"(42.17,-112.289)"
ADM,Ardmore Muni,"Ardmore, Oklahoma",United States of America,America/Chicago,-5.0,"(34.300833,-97.008889)"
KOV,Kokshetau Airport,Kokshetau,Kazakhstan,Asia/Qyzylorda,5.0,"(53.3291,69.5946)"
YUX,Hall Beach,Hall Beach,Canada,America/Iqaluit,-4.0,"(68.776111,-81.243611)"
PYM,Plymouth Municipal Airport,"Plymouth, Massachusetts",United States of America,America/New_York,-4.0,"(41.9090278,-70.7287778)"
MMG,Mount Magnet Airport,Mount Magnet,Australia,Australia/Perth,8.0,"(-28.1161,117.842)"
OSS,Osh,Osh,Kyrgyzstan,Asia/Bishkek,6.0,"(40.608989,72.793269)"
GST,Gustavus Airport,"Gustavus, Alaska",United States of America,America/Juneau,-8.0,"(58.4253,-135.707)"
AKU,Aksu Airport,Aksu,China,Asia/Kashgar,6.0,"(41.2625,80.2917)"
TLL,Tallinn,Tallinn,Estonia,Europe/Tallinn,3.0,"(59.413317,24.832844)"
QUF,Pirita harbor       ,Tallinn,Estonia,Europe/Tallinn,3.0,"(0.0,0.0)"
BZK,Bryansk,Bryansk,Russian Federation,Europe/Moscow,3.0,"(53.214194,34.176447)"
SOQ,Jefman,Sorong,Indonesia,Asia/Jayapura,9.0,"(-0.926358,131.121194)"
TVL,Lake Tahoe Airport,"Lake Tahoe South, California",United States of America,America/Los_Angeles,-7.0,"(38.893889,-119.995278)"
CEO,Waco kungo          ,Waco Kungo,Angola,Africa/Luanda,1.0,"(0.0,0.0)"
QUL,HBF RAILWAY STATION,Ulm,Germany,Europe/Berlin,2.0,"(0.0,0.0)"
GNV,Gainesville Rgnl,"Gainesville, Florida",United States of America,America/New_York,-4.0,"(29.690056,-82.271778)"
GMC,Guerima             ,Guerima,Colombia,America/Cayman,-5.0,"(0.0,0.0)"
SNN,Shannon,Shannon,Ireland,Europe/Dublin,1.0,"(52.701978,-8.924817)"
BJR,Bahir Dar,Bahar Dar,Ethiopia,Africa/Addis_Ababa,3.0,"(11.608075,37.321644)"
WKK,Aleknagik Airport,"Aleknagik, Alaska",United States of America,America/Anchorage,-8.0,"(59.2826,-158.618)"
KTU,Kota,Kota,India,Asia/Kolkata,5.5,"(25.160219,75.845631)"
SEN,Southend,Southend,Great Britain (United Kingdom),Europe/London,1.0,"(51.571389,0.695556)"
DTR,Decatur island      ,"Decatur Island, Washington",United States of America,America/Los_Angeles,-7.0,"(0.0,0.0)"
EGO,Belgorod International Airport,Belgorod,Russian Federation,Europe/Moscow,3.0,"(50.6438,36.5901)"
FKI,Kisangani Simisini,Kisangani,"Congo, Democratic Republic of the",Africa/Lubumbashi,2.0,"(0.5175,25.155014)"
CME,Ciudad Del Carmen Intl,Ciudad Del Carmen,Mexico,America/Merida,-6.0,"(18.653739,-91.799017)"
SMO,Santa Monica Municipal Airport,"Santa Monica, California",United States of America,America/Los_Angeles,-7.0,"(34.0158333,-118.4513056)"
NTT,Kuini Lavenia Airport,Niuatoputapu,Tonga,Pacific/Tongatapu,13.0,"(-15.9767,-173.755)"
MCW,Mason City Municipal,"Mason City, Iowa",United States of America,America/Chicago,-5.0,"(43.2247,-93.4067)"
ZQW,Zweibruecken,Saarbruecken,Germany,Europe/Berlin,2.0,"(49.209445,7.401323)"
QFZ,Mainz Finthen,Saarbruecken,Germany,Europe/Berlin,2.0,"(0.0,0.0)"
SCN,Saarbrucken,Saarbruecken,Germany,Europe/Berlin,2.0,"(49.214553,7.109508)"
DKI,Dunk Island Airport,Dunk Island,Australia,Australia/Brisbane,10.0,"(-17.939722,146.141944)"
AGR,Agra,Agra,India,Asia/Kolkata,5.5,"(27.155831,77.960892)"
BAZ,Barcelos Airport,Barbelos,Brazil,America/Manaus,-4.0,"(-0.975,-62.923889)"
MEA,Macaé Airport,Macae,Brazil,America/Sao_Paulo,-3.0,"(-22.343,-41.766)"
CMW,Ignacio Agramonte Intl,Camaguey,Cuba,America/Havana,-4.0,"(21.420428,-77.847433)"
BJA,Soummam,Bejaia,Algeria,Africa/Algiers,1.0,"(36.711997,5.069922)"
WMO,White Mountain Airport,"White Mountain, Alaska",United States of America,America/Nome,-8.0,"(64.689167,-163.412778)"
ZQN,Queenstown,Queenstown,New Zealand,Pacific/Auckland,12.0,"(-45.021111,168.739167)"
ONS,Onslow ,Onslow,Australia,Australia/Perth,8.0,"(-21.667,115.116)"
SMX,Santa Maria Pub Cpt G Allan Hancock Airport,"Santa Maria, California",United States of America,America/Los_Angeles,-7.0,"(34.8989,-120.457)"
MDP,Mindiptana          ,Mindiptana,Indonesia,Asia/Jayapura,9.0,"(-5.75,140.367)"
KMW,Kostroma Sokerkino,Kostroma,Russian Federation,Europe/Moscow,3.0,"(57.807752,41.013047)"
BWN,Brunei Intl,Bandar Seri Begaw,Brunei Darussalam,Asia/Brunei,8.0,"(4.9442,114.928353)"
MFF,Moanda              ,Moanda,Gabon,Africa/Libreville,1.0,"(-1.53333,13.26667)"
AUB,Augsburg HBF,Itauba,Brazil,America/Sao_Paulo,-3.0,"(48.3655,10.886)"
RIL,Garfield County Regional Airport,"Rifle, Colorado",United States of America,America/Denver,-6.0,"(39.5263056,-107.7269444)"
FAV,Fakarava,Fakarava,French Polynesia,Pacific/Tahiti,-10.0,"(-16.05415,-145.656994)"
IXY,Kandla,Kandla,India,Asia/Kolkata,5.5,"(23.112719,70.100289)"
FRG,Long island ref fiel,"Farmingdale, New York",United States of America,America/New_York,-4.0,"(40.72871,-73.4129)"
IXD,Allahabad,Allahabad,India,Asia/Kolkata,5.5,"(25.440064,81.733872)"
KNW,New Stuyahok Airport,"New Stuyahok, Alaska",United States of America,America/Anchorage,-8.0,"(59.4499,-157.328)"
RIJ,Rioja               ,Rioja,Peru,America/Lima,-5.0,"(-6.06786,-77.15998)"
PNY,Pondicherry,Pondicherry,India,Asia/Kolkata,5.5,"(11.968722,79.810058)"
EUG,Mahlon Sweet Fld,"Eugene, Oregon",United States of America,America/Los_Angeles,-7.0,"(44.124583,-123.211972)"
YIB,Atikokan Muni,Atikokan,Canada,America/Atikokan,-5.0,"(48.773888,-91.638611)"
KYS,Kayes Dag Dag,Kayes,Mali,Africa/Bamako,0.0,"(14.481233,-11.404397)"
UKA,Ukunda Airport,Ukunda,Kenya,Africa/Nairobi,3.0,"(-4.29694,39.5714)"
LPI,Saab,Linkoeping,Sweden,Europe/Stockholm,2.0,"(58.40615,15.680508)"
NAW,Narathiwat,Narathiwat,Thailand,Asia/Bangkok,7.0,"(6.519922,101.7434)"
BJB,Bojnourd Airport,Bojnord,Iran,Asia/Tehran,3.5,"(37.492958,57.308219)"
YAX,Wapekeka Airport,Angling Lake,Canada,America/Winnipeg,-5.0,"(53.8492,-89.5794)"
EVE,Evenes,Harstad-Narvik,Norway,Europe/Oslo,2.0,"(68.4913,16.678108)"
LIT,Adams Fld,"Little Rock, Arkansas",United States of America,America/Chicago,-5.0,"(34.729444,-92.224306)"
AUW,Wausau Downtown Airport,"Wausau, Wisconsin",United States of America,America/Chicago,-5.0,"(44.9262845,-89.6270018)"
CWA,Central Wisconsin,"Wausau, Wisconsin",United States of America,America/Chicago,-5.0,"(44.772726,-89.646635)"
SAI,SIEM REAP ANGKOR,Siem Reap,Cambodia,Asia/Phnom_Penh,7.0,"(13.410666,103.81284)"
REP,Siem Reap,Siem Reap,Cambodia,Asia/Phnom_Penh,7.0,"(13.410666,103.81284)"
EDM,Les Ajoncs,La Roche,France,Europe/Paris,2.0,"(46.701944,-1.378625)"
SKN,Skagen,Stokmarknes,Norway,Europe/Oslo,2.0,"(68.580833,15.026111)"
KOU,Koulamoutou Airport,Koulamoutou,Gabon,Africa/Libreville,1.0,"(-1.18461,12.4413)"
BEW,Beira,Beira,Mozambique,Africa/Maputo,2.0,"(-19.796419,34.907556)"
EUA,Kaufana Airport,Eua,Tonga,Pacific/Tongatapu,13.0,"(-21.3783,-174.958)"
BGA,Palonegro,Bucaramanga,Colombia,America/Bogota,-5.0,"(7.1265,-73.184778)"
CET,Le Pontreau,Cholet,France,Europe/Paris,2.0,"(47.082136,-0.877064)"
GLK,Galcaio Airport,Galcaio,Somali,Africa/Mogadishu,3.0,"(6.78083,47.4547)"
SQG,Susilo Airport,Sintang,Indonesia,Asia/Pontianak,7.0,"(0.063619,111.473428)"
OTR,Coto 47,Coto 47,Costa Rica,America/Costa_Rica,-6.0,"(8.601556,-82.968614)"
FKS,Fukushima Airport,Fukushima,Japan,Asia/Tokyo,9.0,"(37.2274,140.431)"
MIU,Maiduguri,Maiduguri,Nigeria,Africa/Lagos,1.0,"(11.855347,13.08095)"
TPC,Tarapoa,Tarapoa,Ecuador,America/Guayaquil,-5.0,"(-0.122956,-76.33775)"
ELP,El Paso Intl,"El Paso, Texas",United States of America,America/Denver,-6.0,"(31.80725,-106.377583)"
BIF,Biggs Aaf,"El Paso, Texas",United States of America,America/Denver,-6.0,"(31.849528,-106.380039)"
TCZ,Tengchong Tuofeng Airport,Tsetserleg,Mongolia,Asia/Ulaanbaatar,8.0,"(24.938651,98.483591)"
RNI,Corn Island Airport,Corn Island,Nicaragua,America/Managua,-6.0,"(12.168611,-83.0675)"
ORP,Orapa Airport,Orapa,Botswana,Africa/Gaborone,2.0,"(-21.2667,25.3167)"
DTD,Datadawai Airport,Datadawai,Indonesia,Asia/Makassar,8.0,"(0.717,116.483)"
STC,Saint Cloud Regional Airport,"Saint Cloud, MN",United States of America,America/Chicago,-5.0,"(45.546556,-94.059889)"
RME,Griffiss Afld,"Rome, New York",United States of America,America/New_York,-4.0,"(43.2338,-75.407033)"
PTG,Polokwane International,Pietersburg,South Africa,Africa/Johannesburg,2.0,"(-23.926089,29.484422)"
HDY,Hat Yai Intl,Hat Yai,Thailand,Asia/Bangkok,7.0,"(6.933206,100.392975)"
PHF,Newport News Williamsburg Intl,"Newport News Hamp, Virginia",United States of America,America/New_York,-4.0,"(37.131894,-76.492989)"
JED,King Abdulaziz Intl,Jeddah,Saudi Arabia,Asia/Riyadh,3.0,"(21.679564,39.156536)"
SOU,Southampton,Southampton,Great Britain (United Kingdom),Europe/London,1.0,"(50.950261,-1.356803)"
GER,Rafael Cabrera,Nueva Gerona,Cuba,America/Havana,-4.0,"(21.834689,-82.783819)"
PNK,Supadio,Pontianak,Indonesia,Asia/Pontianak,7.0,"(-0.150711,109.403892)"
EMI,Emirau              ,Emirau,Papua New Guinea,Asia/Vladivostok,10.0,"(0.0,0.0)"
FRU,Manas,Bishkek,Kyrgyzstan,Asia/Bishkek,6.0,"(43.061306,74.477556)"
IRK,Kirksville Regional Airport,"Kirksville, Missouri",United States of America,America/Chicago,-5.0,"(40.0935,-92.5449)"
CPE,Ingeniero Alberto Acuna Ongay Intl,Campeche,Mexico,America/Merida,-6.0,"(19.816794,-90.500314)"
LUN,Lusaka Intl,Lusaka,Zambia,Africa/Lusaka,2.0,"(-15.330817,28.452628)"
MKT,Mankato municipal ap,"Mankato, MN",United States of America,America/Chicago,-5.0,"(44.22164,-93.91874)"
UNI,Union Island International Airport,Union Island,Saint Vincent and the Grenadines,America/St_Vincent,-4.0,"(12.583,-61.417)"
MJE,Majkin Airport,Majkin,Marshall Islands,Pacific/Wallis,12.0,"(7.833,168.167)"
SUX,Sioux Gateway Col Bud Day Fld,"Sioux City, IA",United States of America,America/Chicago,-5.0,"(42.402603,-96.384367)"
ABI,Abilene Rgnl,"Abilene, Texas",United States of America,America/Chicago,-5.0,"(32.411319,-99.681897)"
DYS,Dyess Afb,"Abilene, Texas",United States of America,America/Chicago,-5.0,"(32.420756,-99.8546)"
HKT,Phuket Intl,Phuket,Thailand,Asia/Bangkok,7.0,"(8.1132,98.316872)"
ZQL,Donaueschingen Villingen,Villingen Schwenningen,Germany,Europe/Monaco,2.0,"(47.973331,8.522223)"
ELQ,Gassim,Gassim,Saudi Arabia,Asia/Riyadh,3.0,"(26.302822,43.773911)"
KUH,Kushiro Airport,Kushiro,Japan,Asia/Tokyo,9.0,"(43.041,144.193)"
SME,Lake Cumberland Regional Airport,"Somerset, Kentucky",United States of America,America/New_York,-4.0,"(37.053611,-84.615556)"
DLL,Baraboo Wisconsin Dells Airport,"Dillon, South Carolina",United States of America,America/New_York,-4.0,"(43.5217843,-89.7709266)"
ZLT,La Tabatière Airport,La Tabatiere,Canada,America/Blanc-Sablon,-4.0,"(50.8308,-58.9756)"
ATA,Comandante Fap German Arias Graziani,Anta,Peru,America/Lima,-5.0,"(-9.347444,-77.598392)"
ZKG,Kegaska Airport,Kegaska,Canada,America/Blanc-Sablon,-4.0,"(50.195833,-61.265833)"
SVZ,San Antonio Del Tachira,San Antonio,Venezuela,America/Caracas,-4.0,"(7.840831,-72.439742)"
KON,Kontum Airport,Kontum,Viet Nam,Asia/Vientiane,7.0,"(14.35,108.017)"
DOM,Melville Hall,Dominica,Dominica,America/Dominica,-4.0,"(15.547028,-61.3)"
DCF,Canefield,Dominica,Dominica,America/Dominica,-4.0,"(15.336719,-61.392211)"
BDH,Bandar Lengeh,Bandar Lengeh,Iran,Asia/Tehran,3.5,"(26.532,54.824847)"
AGC,Allegheny County Airport,"Pittsburgh, Pennsylvania",United States of America,America/New_York,-4.0,"(40.3544,-79.9302)"
CVA,Civic ar hpt        ,"Pittsburgh, Pennsylvania",United States of America,America/New_York,-4.0,"(0.0,0.0)"
PIT,Pittsburgh Intl,"Pittsburgh, Pennsylvania",United States of America,America/New_York,-4.0,"(40.491467,-80.232872)"
LTX,Cotopaxi International Airport,Latacunga,Ecuador,America/Guayaquil,-5.0,"(-0.5425,-78.3657)"
YIK,Ivujivik Airport,Ivujivik,Canada,America/Montreal,-4.0,"(62.4173,-77.9253)"
MTF,Mizan Teferi Airport,Mizan Teferi,Ethiopia,Africa/Addis_Ababa,3.0,"(6.967,35.533)"
KKJ,Kitakyushu,Kitakyushu,Japan,Asia/Tokyo,9.0,"(33.845942,131.034689)"
HNS,Haines Airport,"Haines, Alaska",United States of America,America/Juneau,-8.0,"(59.2438,-135.524)"
BWA,Bhairahawa,Bhairawa,Nepal,Asia/Kathmandu,5.75,"(27.505703,83.41625)"
MAA,Chennai Intl,Chennai,India,Asia/Kolkata,5.5,"(12.994414,80.180517)"
SMV,Samedan,Saint Moritz,Switzerland,Europe/Zurich,2.0,"(46.534075,9.884106)"
GAE,Gabes,Gabes,Tunisia,Africa/Tunis,1.0,"(33.876919,10.103333)"
ODN,Long Seridan Airport,Long Seridan,Malaysia,Asia/Kuching,8.0,"(3.967,115.05)"
RCN,American river      ,American River,Australia,Australia/Adelaide,9.5,"(0.0,0.0)"
SYR,Syracuse Hancock Intl,"Syracuse, New York",United States of America,America/New_York,-4.0,"(43.111187,-76.106311)"
MIG,Mianyang Nanjiao Airport,Mianyang,China,Asia/Chongqing,8.0,"(31.4281,104.741)"
KRZ,Basango Mboliasa Airport,Kiri,"Congo, Democratic Republic of the",Africa/Kinshasa,1.0,"(-1.435,19.024)"
CNS,Cairns Intl,Cairns,Australia,Australia/Brisbane,10.0,"(-16.885833,145.755278)"
ESE,Ensenada,Ensenada,Mexico,America/Tijuana,-7.0,"(31.795281,-116.602772)"
HAR,Harrisburg          ,"Harrisburg, Pennsylvania",United States of America,America/New_York,-4.0,"(40.22056,-76.85354)"
MDT,Harrisburg Intl,"Harrisburg, Pennsylvania",United States of America,America/New_York,-4.0,"(40.193494,-76.763403)"
EWN,Craven Co Rgnl,"New Bern, North Carolina",United States of America,America/New_York,-4.0,"(35.072972,-77.042944)"
KBV,Krabi,Krabi,Thailand,Asia/Bangkok,7.0,"(8.095969,98.988764)"
CIO,Aeroclub Cioca,Concepcion,Paraguay,America/Asuncion,-3.0,"(45.471009,21.111967)"
NDU,Rundu,Rundu,Namibia,Africa/Windhoek,2.0,"(-17.956461,19.719439)"
XLB,Lac Brochet Airport,Lac Brochet,Canada,America/Winnipeg,-5.0,"(58.614167,-101.468889)"
DIJ,Longvic,Dijon,France,Europe/Paris,2.0,"(47.26889,5.09)"
ITO,Hilo Intl,"Hilo, Hawaii",United States of America,Pacific/Honolulu,-10.0,"(19.721375,-155.048469)"
SKC,Suki Airport,Suki,Papua New Guinea,Asia/Vladivostok,10.0,"(-8.033,141.717)"
BKN,Balkanabat,Birni Nkoni,Niger,Africa/Niamey,1.0,"(39.481389,54.362778)"
DRI,Beauregard Rgnl,"De Ridder, Louisiana",United States of America,America/Chicago,-5.0,"(30.831722,-93.339917)"
CIJ,Heroes Del Acre,Cobija,Bolivia,America/La_Paz,-4.0,"(-11.040436,-68.782972)"
SIX,Singleton           ,Singleton,Australia,Australia/Sydney,10.0,"(-32.6167,151.2)"
CJA,Mayor General FAP Armando Revoredo Iglesias Airport,Cajamarca,Peru,America/Lima,-5.0,"(-7.139183,-78.4894)"
LOU,Bowman Fld,"Louisville, KY",United States of America,America/New_York,-4.0,"(38.228,-85.663722)"
LJC,Intercont           ,"Louisville, KY",United States of America,America/New_York,-4.0,"(0.0,0.0)"
SDF,Louisville International Airport,"Louisville, KY",United States of America,America/New_York,-4.0,"(38.1740858,-85.7364989)"
THX,Turukhansk,Turukhansk,Russian Federation,Asia/Krasnoyarsk,7.0,"(65.798132,87.934742)"
YLT,Alert,Alert,Canada,America/Pangnirtung,-4.0,"(82.517778,-62.280556)"
CEC,Del Norte County Airport,"Crescent City, California",United States of America,America/Los_Angeles,-7.0,"(41.7802,-124.237)"
ABT,Al Baha,Al Baha,Saudi Arabia,Asia/Riyadh,3.0,"(20.296139,41.634277)"
SVB,Sambava,Sambava,Madagascar,Indian/Antananarivo,3.0,"(-14.278611,50.174721)"
UCT,Ukhta,Ukhta,Russian Federation,Europe/Moscow,3.0,"(63.555363,53.80534)"
NHK,Patuxent River Nas,"Patuxent River, Maryland",United States of America,America/New_York,-4.0,"(38.285981,-76.411781)"
HAE,Haeju Airport,"Havasupai, Arizona",United States of America,America/Phoenix,-7.0,"(38.00543,125.77863)"
KDN,N'dende             ,Ndende,Gabon,Africa/Libreville,1.0,"(-2.4,11.367)"
MJI,Mitiga Airport,Mitiga,Libyan Arab Jamahiriya,Africa/Tripoli,2.0,"(32.8941,13.276)"
BEL,Val De Cans Intl,Belem,Brazil,America/Belem,-3.0,"(-1.37925,-48.476292)"
CVG,Cincinnati Northern Kentucky Intl,"Cincinnati, Ohio",United States of America,America/New_York,-4.0,"(39.048836,-84.667822)"
LUK,Cincinnati Muni Lunken Fld,"Cincinnati, Ohio",United States of America,America/New_York,-4.0,"(39.103333,-84.418611)"
PBK,Pack creek          ,"Pack Creek, Alaska",United States of America,America/Anchorage,-8.0,"(0.0,0.0)"
BKS,Fatmawati Soekarno,Bengkulu,Indonesia,Asia/Jakarta,7.0,"(-3.8637,102.339036)"
CYZ,Cauayan Airport,Cauayan,Philippines,Asia/Manila,8.0,"(16.929861,121.753036)"
DUD,Dunedin,Dunedin,New Zealand,Pacific/Auckland,12.0,"(-45.928055,170.198333)"
LPB,El Alto Intl,La Paz,Bolivia,America/La_Paz,-4.0,"(-16.513339,-68.192256)"
DLG,Dillingham,"Dillingham, Alaska",United States of America,America/Anchorage,-8.0,"(59.044667,-158.5055)"
BHS,Bathurst Airport,Bathurst,Australia,Australia/Sydney,10.0,"(-33.4094,149.652)"
NBX,Nabire,Nabire,Indonesia,Asia/Jayapura,9.0,"(-3.368183,135.496406)"
KSL,Kassala,Kassala,Sudan,Africa/Khartoum,2.0,"(15.387494,36.328842)"
ABR,Aberdeen Regional Airport,"Aberdeen, SD",United States of America,America/Chicago,-5.0,"(45.4491,-98.4218)"
LAU,Lamu Manda,Lamu,Kenya,Africa/Nairobi,3.0,"(-2.252417,40.913097)"
CGQ,Changchun,Changchun,China,Asia/Harbin,8.0,"(43.5412,125.1201)"
