booking_id,hotel,is_canceled,arrival_date_year,arrival_date_month,country,adults,stays_in_weekend_nights,stays_in_week_nights,adr
1,Resort Hotel,0,2015,July,PRT,2,0,0,0.0
2,Resort Hotel,0,2015,July,PRT,2,0,0,0.0
3,Resort Hotel,0,2015,July,GBR,1,0,1,75.0
4,Resort Hotel,0,2015,July,GBR,1,0,1,75.0
5,Resort Hotel,0,2015,July,GBR,2,0,2,98.0
6,Resort Hotel,0,2015,July,GBR,2,0,2,98.0
7,Resort Hotel,0,2015,July,PRT,2,0,2,107.0
8,Resort Hotel,0,2015,July,PRT,2,0,2,103.0
9,Resort Hotel,1,2015,July,PRT,2,0,3,82.0
10,Resort Hotel,1,2015,July,PRT,2,0,3,105.5
11,Resort Hotel,1,2015,July,PRT,2,0,4,123.0
12,Resort Hotel,0,2015,July,PRT,2,0,4,145.0
13,Resort Hotel,0,2015,July,USA,2,0,4,97.0
14,Resort Hotel,0,2015,July,ESP,2,0,4,154.77
15,Resort Hotel,0,2015,July,PRT,2,0,4,94.71
16,Resort Hotel,0,2015,July,IRL,2,0,4,97.0
17,Resort Hotel,0,2015,July,PRT,2,0,4,97.5
18,Resort Hotel,0,2015,July,IRL,2,0,1,88.2
19,Resort Hotel,0,2015,July,FRA,2,0,1,107.42
20,Resort Hotel,0,2015,July,GBR,2,0,4,153.0
21,Resort Hotel,0,2015,July,GBR,1,1,4,97.29
22,Resort Hotel,0,2015,July,PRT,2,2,4,84.67
23,Resort Hotel,0,2015,July,PRT,2,2,4,84.67
24,Resort Hotel,0,2015,July,PRT,2,2,4,99.67
25,Resort Hotel,0,2015,July,GBR,2,2,5,94.95
26,Resort Hotel,0,2015,July,PRT,2,2,5,63.6
27,Resort Hotel,0,2015,July,IRL,2,2,5,79.5
28,Resort Hotel,1,2015,July,PRT,2,2,5,107.0
29,Resort Hotel,0,2015,July,PRT,2,2,5,94.0
30,Resort Hotel,0,2015,July,PRT,2,2,5,87.3
31,Resort Hotel,0,2015,July,,1,4,10,62.0
32,Resort Hotel,0,2015,July,GBR,2,4,11,63.86
33,Resort Hotel,1,2015,July,PRT,2,2,8,108.3
34,Resort Hotel,0,2015,July,IRL,2,2,4,65.5
35,Resort Hotel,1,2015,July,PRT,3,1,3,108.8
36,Resort Hotel,1,2015,July,PRT,3,1,3,108.8
37,Resort Hotel,0,2015,July,ESP,2,1,3,98.0
38,Resort Hotel,0,2015,July,PRT,3,1,3,108.8
39,Resort Hotel,1,2015,July,PRT,3,1,3,108.8
40,Resort Hotel,0,2015,July,ROU,2,2,3,137.0
41,Resort Hotel,1,2015,July,PRT,2,2,3,117.81
42,Resort Hotel,0,2015,July,IRL,2,2,3,79.5
43,Resort Hotel,0,2015,July,ESP,2,2,3,123.0
44,Resort Hotel,0,2015,July,ROU,2,2,3,137.0
45,Resort Hotel,0,2015,July,PRT,2,2,5,110.7
46,Resort Hotel,1,2015,July,PRT,2,2,5,153.0
47,Resort Hotel,0,2015,July,ESP,2,2,5,58.95
48,Resort Hotel,0,2015,July,NOR,2,2,5,82.88
49,Resort Hotel,0,2015,July,GBR,2,2,5,82.35
50,Resort Hotel,0,2015,July,IRL,2,2,5,119.35
51,Resort Hotel,0,2015,July,NOR,2,2,5,67.58
52,Resort Hotel,0,2015,July,IRL,2,3,8,56.01
53,Resort Hotel,0,2015,July,OMN,2,4,10,110.7
54,Resort Hotel,0,2015,July,ESP,2,0,1,88.2
55,Resort Hotel,0,2015,July,ARG,2,0,1,147.0
56,Resort Hotel,0,2015,July,ESP,2,0,1,107.0
57,Resort Hotel,0,2015,July,PRT,2,0,1,147.0
58,Resort Hotel,0,2015,July,PRT,2,0,1,117.9
59,Resort Hotel,0,2015,July,PRT,2,0,1,123.0
60,Resort Hotel,0,2015,July,USA,2,0,2,98.0
61,Resort Hotel,0,2015,July,PRT,2,0,2,117.81
62,Resort Hotel,0,2015,July,IRL,2,0,2,135.0
63,Resort Hotel,0,2015,July,ESP,2,0,3,133.0
64,Resort Hotel,0,2015,July,IRL,2,0,3,58.95
65,Resort Hotel,1,2015,July,PRT,2,0,3,136.33
66,Resort Hotel,0,2015,July,USA,2,0,2,153.0
67,Resort Hotel,0,2015,July,ESP,2,0,2,110.5
68,Resort Hotel,0,2015,July,POL,2,0,2,97.0
69,Resort Hotel,1,2015,July,PRT,3,0,2,110.3
70,Resort Hotel,1,2015,July,PRT,2,0,2,82.0
71,Resort Hotel,1,2015,July,PRT,2,0,2,97.0
72,Resort Hotel,1,2015,July,PRT,2,0,2,73.8
73,Resort Hotel,0,2015,July,PRT,2,0,2,91.5
74,Resort Hotel,0,2015,July,ESP,2,0,2,114.5
75,Resort Hotel,1,2015,July,PRT,3,0,2,110.3
76,Resort Hotel,0,2015,July,ESP,2,1,2,90.9
77,Resort Hotel,1,2015,July,PRT,2,1,2,123.0
78,Resort Hotel,0,2015,July,PRT,1,2,2,122.0
79,Resort Hotel,0,2015,July,DEU,2,2,2,110.7
80,Resort Hotel,0,2015,July,PRT,3,2,6,85.86
81,Resort Hotel,0,2015,July,FRA,2,2,7,58.95
82,Resort Hotel,1,2015,July,PRT,2,3,7,55.68
83,Resort Hotel,0,2015,July,GBR,2,3,7,55.68
84,Resort Hotel,1,2015,July,PRT,2,3,7,124.0
85,Resort Hotel,0,2015,July,GBR,2,3,7,111.15
86,Resort Hotel,0,2015,July,GBR,2,4,10,134.73
87,Resort Hotel,0,2015,July,GBR,2,4,10,92.45
88,Resort Hotel,1,2015,July,PRT,2,6,15,108.73
89,Resort Hotel,0,2015,July,GBR,2,0,1,73.8
90,Resort Hotel,0,2015,July,PRT,2,0,1,98.0
91,Resort Hotel,0,2015,July,ESP,2,0,1,131.0
92,Resort Hotel,0,2015,July,PRT,2,0,1,123.0
93,Resort Hotel,0,2015,July,USA,2,0,1,94.71
94,Resort Hotel,0,2015,July,BEL,2,0,1,123.0
95,Resort Hotel,1,2015,July,PRT,2,0,2,123.0
96,Resort Hotel,1,2015,July,PRT,2,0,2,73.8
97,Resort Hotel,1,2015,July,PRT,2,2,5,117.0
98,Resort Hotel,0,2015,July,ESP,3,2,5,196.54
99,Resort Hotel,0,2015,July,PRT,2,2,5,99.3
100,Resort Hotel,0,2015,July,DEU,2,2,5,90.95
101,Resort Hotel,0,2015,July,ESP,2,2,1,92.67
102,Resort Hotel,0,2015,July,FRA,2,2,1,71.55
103,Resort Hotel,0,2015,July,FRA,1,2,4,96.49
104,Resort Hotel,0,2015,July,PRT,2,2,4,85.8
105,Resort Hotel,0,2015,July,PRT,2,2,5,96.3
106,Resort Hotel,1,2015,July,PRT,2,2,5,163.0
107,Resort Hotel,1,2015,July,PRT,3,2,5,172.0
108,Resort Hotel,1,2015,July,PRT,2,2,5,110.7
109,Resort Hotel,0,2015,July,PRT,2,2,5,58.95
110,Resort Hotel,0,2015,July,PRT,2,2,5,73.8
111,Resort Hotel,0,2015,July,CHE,2,2,5,97.0
112,Resort Hotel,0,2015,July,PRT,2,2,5,139.0
113,Resort Hotel,0,2015,July,GBR,2,2,5,67.24
114,Resort Hotel,0,2015,July,PRT,3,2,6,116.5
115,Resort Hotel,1,2015,July,PRT,2,2,6,96.3
116,Resort Hotel,0,2015,July,PRT,2,2,6,123.0
117,Resort Hotel,0,2015,July,GBR,2,4,6,71.55
118,Resort Hotel,0,2015,July,PRT,2,4,6,71.55
119,Resort Hotel,0,2015,July,PRT,2,4,6,149.0
120,Resort Hotel,0,2015,July,PRT,2,0,1,163.0
121,Resort Hotel,0,2015,July,PRT,2,0,1,79.5
122,Resort Hotel,1,2015,July,PRT,1,0,1,105.0
123,Resort Hotel,1,2015,July,PRT,1,0,1,123.0
124,Resort Hotel,1,2015,July,PRT,2,0,1,73.8
125,Resort Hotel,1,2015,July,PRT,2,0,1,113.0
126,Resort Hotel,0,2015,July,PRT,4,0,1,0.0
127,Resort Hotel,0,2015,July,ESP,2,0,1,123.0
128,Resort Hotel,0,2015,July,FRA,2,1,1,73.8
129,Resort Hotel,0,2015,July,PRT,2,1,1,114.5
130,Resort Hotel,0,2015,July,FRA,2,1,1,73.8
131,Resort Hotel,0,2015,July,FRA,2,1,1,73.8
132,Resort Hotel,0,2015,July,ESP,2,1,0,88.2
133,Resort Hotel,1,2015,July,PRT,2,1,0,97.0
134,Resort Hotel,0,2015,July,ESP,2,1,0,85.1
135,Resort Hotel,0,2015,July,DEU,1,1,0,89.0
136,Resort Hotel,0,2015,July,PRT,1,1,0,80.1
137,Resort Hotel,0,2015,July,PRT,2,1,0,98.0
138,Resort Hotel,0,2015,July,DEU,1,1,0,101.0
139,Resort Hotel,1,2015,July,PRT,2,1,0,97.0
140,Resort Hotel,0,2015,July,PRT,2,1,0,167.0
141,Resort Hotel,0,2015,July,PRT,3,2,0,225.0
142,Resort Hotel,0,2015,July,FRA,2,2,0,97.0
143,Resort Hotel,0,2015,July,ESP,2,2,2,87.3
144,Resort Hotel,0,2015,July,CN,2,2,3,85.59
145,Resort Hotel,0,2015,July,ESP,2,2,3,123.0
146,Resort Hotel,0,2015,July,PRT,2,2,3,107.0
147,Resort Hotel,0,2015,July,ESP,2,2,4,163.0
148,Resort Hotel,0,2015,July,PRT,2,2,4,82.0
149,Resort Hotel,1,2015,July,PRT,2,2,4,163.0
150,Resort Hotel,1,2015,July,PRT,2,2,5,105.5
151,Resort Hotel,0,2015,July,PRT,2,2,5,164.2
152,Resort Hotel,0,2015,July,IRL,2,2,5,97.29
153,Resort Hotel,1,2015,July,PRT,2,2,5,114.0
154,Resort Hotel,0,2015,July,ESP,2,2,5,98.4
155,Resort Hotel,0,2015,July,CHE,2,4,5,175.0
156,Resort Hotel,0,2015,July,PRT,2,4,6,63.6
157,Resort Hotel,0,2015,July,PRT,3,4,6,124.45
158,Resort Hotel,0,2015,July,GBR,2,4,7,110.7
159,Resort Hotel,0,2015,July,GBR,1,4,10,74.07
160,Resort Hotel,0,2015,July,GBR,2,4,10,134.1
161,Resort Hotel,0,2015,July,PRT,2,1,4,167.0
162,Resort Hotel,0,2015,July,PRT,2,1,3,123.0
163,Resort Hotel,0,2015,July,USA,2,1,3,117.81
164,Resort Hotel,0,2015,July,CN,3,1,3,171.32
165,Resort Hotel,0,2015,July,CHE,2,1,3,210.0
166,Resort Hotel,0,2015,July,PRT,2,1,3,97.0
167,Resort Hotel,0,2015,July,USA,3,1,3,117.81
168,Resort Hotel,0,2015,July,PRT,2,0,0,0.0
169,Resort Hotel,0,2015,July,PRT,1,0,0,0.0
170,Resort Hotel,0,2015,July,PRT,2,1,0,131.0
171,Resort Hotel,0,2015,July,PRT,2,1,1,98.0
172,Resort Hotel,0,2015,July,USA,2,1,1,87.3
173,Resort Hotel,0,2015,July,GRC,2,1,2,97.0
174,Resort Hotel,1,2015,July,PRT,2,1,3,167.0
175,Resort Hotel,0,2015,July,PRT,2,1,3,91.5
176,Resort Hotel,0,2015,July,PRT,2,1,3,73.8
177,Resort Hotel,0,2015,July,PRT,2,1,4,123.0
178,Resort Hotel,0,2015,July,PRT,2,1,4,175.0
179,Resort Hotel,0,2015,July,ESP,2,1,5,117.8
180,Resort Hotel,0,2015,July,PRT,2,1,5,117.63
181,Resort Hotel,0,2015,July,PRT,2,2,5,185.0
182,Resort Hotel,1,2015,July,PRT,1,2,5,71.0
183,Resort Hotel,0,2015,July,GBR,2,2,5,47.25
184,Resort Hotel,0,2015,July,PRT,2,3,5,151.0
185,Resort Hotel,1,2015,July,PRT,2,3,7,87.3
186,Resort Hotel,0,2015,July,GBR,2,3,7,120.6
187,Resort Hotel,0,2015,July,GBR,2,3,7,63.86
188,Resort Hotel,0,2015,July,PRT,2,3,7,157.1
189,Resort Hotel,0,2015,July,GBR,2,3,7,91.37
190,Resort Hotel,0,2015,July,FRA,1,3,8,73.0
191,Resort Hotel,0,2015,July,ITA,2,4,10,110.7
192,Resort Hotel,0,2015,July,GBR,2,4,10,93.6
193,Resort Hotel,0,2015,July,PRT,2,2,5,83.5
194,Resort Hotel,1,2015,July,PRT,2,0,2,73.8
195,Resort Hotel,0,2015,July,ESP,2,0,3,82.0
196,Resort Hotel,0,2015,July,PRT,2,0,3,185.5
197,Resort Hotel,0,2015,July,PRT,2,0,0,0.0
198,Resort Hotel,0,2015,July,PRT,2,0,0,0.0
199,Resort Hotel,0,2015,July,GBR,1,0,1,109.8
200,Resort Hotel,0,2015,July,PRT,3,0,1,195.0
201,Resort Hotel,0,2015,July,GBR,1,0,1,109.8
202,Resort Hotel,0,2015,July,ESP,3,0,4,193.0
203,Resort Hotel,0,2015,July,PRT,2,0,4,97.0
204,Resort Hotel,0,2015,July,USA,3,0,4,150.0
205,Resort Hotel,0,2015,July,NLD,2,0,4,98.0
206,Resort Hotel,1,2015,July,PRT,2,0,5,91.5
207,Resort Hotel,1,2015,July,PRT,2,2,5,139.0
208,Resort Hotel,0,2015,July,IRL,2,2,5,79.5
209,Resort Hotel,1,2015,July,PRT,2,2,5,47.25
210,Resort Hotel,0,2015,July,IRL,2,4,10,126.65
211,Resort Hotel,0,2015,July,GBR,2,0,3,107.0
212,Resort Hotel,0,2015,July,PRT,2,0,4,131.0
213,Resort Hotel,0,2015,July,ESP,2,0,4,131.0
214,Resort Hotel,1,2015,July,PRT,2,0,4,123.0
215,Resort Hotel,0,2015,July,ESP,2,0,4,146.0
216,Resort Hotel,0,2015,July,PRT,2,0,4,110.7
217,Resort Hotel,1,2015,July,PRT,2,0,4,73.8
218,Resort Hotel,0,2015,July,PRT,1,0,1,61.0
219,Resort Hotel,1,2015,July,PRT,2,0,1,104.72
220,Resort Hotel,1,2015,July,PRT,2,0,1,104.72
221,Resort Hotel,0,2015,July,CHE,2,0,2,104.72
222,Resort Hotel,1,2015,July,PRT,2,1,4,66.42
223,Resort Hotel,0,2015,July,PRT,2,2,4,77.96
224,Resort Hotel,1,2015,July,PRT,2,2,5,112.0
225,Resort Hotel,0,2015,July,GBR,2,2,5,107.0
226,Resort Hotel,0,2015,July,GBR,2,2,5,89.68
227,Resort Hotel,0,2015,July,PRT,2,2,5,155.0
228,Resort Hotel,0,2015,July,IRL,3,2,6,112.0
229,Resort Hotel,0,2015,July,DNK,3,2,7,130.1
230,Resort Hotel,0,2015,July,DNK,2,2,7,100.1
231,Resort Hotel,0,2015,July,PRT,2,0,1,123.0
232,Resort Hotel,0,2015,July,ARG,3,0,2,124.0
233,Resort Hotel,0,2015,July,PRT,2,0,2,146.0
234,Resort Hotel,1,2015,July,PRT,2,0,3,97.0
235,Resort Hotel,1,2015,July,PRT,2,0,3,123.0
236,Resort Hotel,1,2015,July,PRT,2,0,3,153.0
237,Resort Hotel,0,2015,July,PRT,2,0,3,82.0
238,Resort Hotel,1,2015,July,PRT,2,1,3,105.08
239,Resort Hotel,1,2015,July,PRT,2,1,3,65.42
240,Resort Hotel,0,2015,July,RUS,1,1,3,98.0
241,Resort Hotel,0,2015,July,SWE,2,2,3,75.46
242,Resort Hotel,0,2015,July,POL,2,2,3,65.5
243,Resort Hotel,0,2015,July,FRA,2,2,5,90.95
244,Resort Hotel,0,2015,July,GBR,2,2,5,93.6
245,Resort Hotel,0,2015,July,GBR,2,2,5,119.25
246,Resort Hotel,0,2015,July,GBR,2,2,5,134.73
247,Resort Hotel,0,2015,July,PRT,2,2,5,112.0
248,Resort Hotel,1,2015,July,PRT,2,2,6,118.13
249,Resort Hotel,0,2015,July,USA,2,0,1,131.0
250,Resort Hotel,0,2015,July,PRT,2,0,2,88.2
251,Resort Hotel,0,2015,July,PRT,2,0,2,73.8
252,Resort Hotel,0,2015,July,PRT,2,0,2,98.0
253,Resort Hotel,0,2015,July,PRT,2,0,2,110.5
254,Resort Hotel,0,2015,July,PRT,2,0,2,131.0
255,Resort Hotel,0,2015,July,PRT,2,0,2,185.0
256,Resort Hotel,0,2015,July,PRT,2,0,2,87.3
257,Resort Hotel,0,2015,July,PRT,2,0,2,73.8
258,Resort Hotel,0,2015,July,GBR,2,1,2,120.0
259,Resort Hotel,0,2015,July,AUS,2,1,2,98.0
260,Resort Hotel,0,2015,July,GBR,2,1,2,96.3
261,Resort Hotel,0,2015,July,PRT,2,2,2,197.0
262,Resort Hotel,0,2015,July,PRT,2,2,2,197.0
263,Resort Hotel,1,2015,July,PRT,2,2,3,123.0
264,Resort Hotel,0,2015,July,POL,2,2,3,82.0
265,Resort Hotel,0,2015,July,PRT,2,2,3,165.0
266,Resort Hotel,0,2015,July,EST,2,2,3,149.4
267,Resort Hotel,0,2015,July,PRT,2,2,5,106.84
268,Resort Hotel,0,2015,July,PRT,2,2,5,161.0
269,Resort Hotel,0,2015,July,PRT,2,2,5,134.43
270,Resort Hotel,0,2015,July,PRT,2,2,5,144.43
271,Resort Hotel,0,2015,July,RUS,1,2,5,152.0
272,Resort Hotel,0,2015,July,GBR,2,2,5,125.54
273,Resort Hotel,0,2015,July,PRT,2,2,5,133.83
274,Resort Hotel,0,2015,July,PRT,3,2,6,159.75
275,Resort Hotel,0,2015,July,IRL,2,2,7,120.6
276,Resort Hotel,0,2015,July,PRT,2,3,7,112.2
277,Resort Hotel,0,2015,July,GBR,2,4,7,110.6
278,Resort Hotel,0,2015,July,DNK,2,4,9,105.9
279,Resort Hotel,0,2015,July,GBR,2,2,5,95.27
280,Resort Hotel,0,2015,July,GBR,2,2,5,108.83
281,Resort Hotel,1,2015,July,PRT,2,2,3,153.96
282,Resort Hotel,0,2015,July,ESP,2,2,3,120.6
283,Resort Hotel,0,2015,July,PRT,2,2,4,90.67
284,Resort Hotel,1,2015,July,PRT,2,2,4,126.67
285,Resort Hotel,0,2015,July,PRT,3,2,4,144.4
286,Resort Hotel,0,2015,July,ESP,2,2,4,99.5
287,Resort Hotel,0,2015,July,PRT,2,2,5,139.4
288,Resort Hotel,1,2015,July,PRT,2,2,5,73.8
289,Resort Hotel,0,2015,July,GBR,2,2,2,89.97
290,Resort Hotel,0,2015,July,PRT,2,2,2,123.0
291,Resort Hotel,0,2015,July,CZE,2,2,2,123.0
292,Resort Hotel,0,2015,July,GBR,1,0,1,123.0
293,Resort Hotel,0,2015,July,DEU,2,0,1,144.9
294,Resort Hotel,0,2015,July,ESP,2,0,1,153.0
295,Resort Hotel,0,2015,July,ESP,2,0,1,131.0
296,Resort Hotel,0,2015,July,PRT,2,1,1,100.0
297,Resort Hotel,0,2015,July,ESP,2,1,1,65.5
298,Resort Hotel,0,2015,July,ROU,2,1,1,123.0
299,Resort Hotel,0,2015,July,PRT,2,2,1,123.0
300,Resort Hotel,0,2015,July,ESP,2,2,1,131.0
301,Resort Hotel,0,2015,July,PRT,2,2,5,104.68
302,Resort Hotel,0,2015,July,PRT,2,2,5,166.0
303,Resort Hotel,1,2015,July,PRT,2,2,6,111.25
304,Resort Hotel,0,2015,July,PRT,2,2,6,213.75
305,Resort Hotel,0,2015,July,PRT,2,4,6,178.0
306,Resort Hotel,0,2015,July,PRT,2,2,5,113.9
307,Resort Hotel,0,2015,July,PRT,2,2,5,129.29
308,Resort Hotel,0,2015,July,CN,2,1,0,153.0
309,Resort Hotel,0,2015,July,PRT,2,1,0,98.0
310,Resort Hotel,0,2015,July,PRT,2,2,4,169.0
311,Resort Hotel,1,2015,July,PRT,2,2,4,93.0
312,Resort Hotel,0,2015,July,GBR,2,2,5,132.29
313,Resort Hotel,0,2015,July,BRA,2,2,5,123.0
314,Resort Hotel,0,2015,July,PRT,2,2,5,117.22
315,Resort Hotel,0,2015,July,ESP,2,2,5,149.0
316,Resort Hotel,1,2015,July,PRT,3,2,5,164.57
317,Resort Hotel,0,2015,July,GBR,2,2,5,107.0
318,Resort Hotel,0,2015,July,PRT,2,2,5,117.22
319,Resort Hotel,0,2015,July,PRT,2,2,5,119.25
320,Resort Hotel,0,2015,July,GBR,2,2,5,123.0
321,Resort Hotel,1,2015,July,PRT,2,2,5,105.71
322,Resort Hotel,0,2015,July,GBR,2,2,5,123.0
323,Resort Hotel,0,2015,July,ESP,2,2,5,144.43
324,Resort Hotel,1,2015,July,PRT,2,3,5,126.0
325,Resort Hotel,0,2015,July,FRA,2,4,5,148.3
326,Resort Hotel,0,2015,July,PRT,2,4,5,125.22
327,Resort Hotel,0,2015,July,GBR,2,4,7,123.0
328,Resort Hotel,0,2015,July,GBR,2,4,7,130.0
329,Resort Hotel,1,2015,July,PRT,2,4,10,133.16
330,Resort Hotel,0,2015,July,GBR,2,2,5,78.84
331,Resort Hotel,0,2015,July,PRT,2,1,0,80.1
332,Resort Hotel,0,2015,July,BEL,2,2,0,193.0
333,Resort Hotel,0,2015,July,ESP,2,2,0,88.2
334,Resort Hotel,0,2015,July,FRA,2,2,0,90.71
335,Resort Hotel,0,2015,July,ESP,2,2,0,114.5
336,Resort Hotel,0,2015,July,BEL,2,2,0,120.2
337,Resort Hotel,0,2015,July,ITA,2,2,1,79.5
338,Resort Hotel,0,2015,July,ESP,2,2,1,117.9
339,Resort Hotel,1,2015,July,PRT,2,2,1,128.0
340,Resort Hotel,0,2015,July,FRA,2,2,2,90.95
341,Resort Hotel,0,2015,July,FIN,2,2,2,107.0
342,Resort Hotel,0,2015,July,CN,2,2,2,130.05
343,Resort Hotel,0,2015,July,ESP,2,2,3,123.0
344,Resort Hotel,1,2015,July,PRT,2,2,3,103.8
345,Resort Hotel,0,2015,July,IRL,2,2,3,196.0
346,Resort Hotel,0,2015,July,ESP,2,2,3,149.4
347,Resort Hotel,0,2015,July,ESP,2,2,5,175.71
348,Resort Hotel,0,2015,July,PRT,2,2,5,119.7
349,Resort Hotel,1,2015,July,PRT,2,2,5,100.86
350,Resort Hotel,0,2015,July,GBR,2,2,5,100.86
351,Resort Hotel,0,2015,July,ESP,2,1,1,82.0
352,Resort Hotel,0,2015,July,ESP,2,1,1,73.8
353,Resort Hotel,0,2015,July,AUS,2,1,1,117.9
354,Resort Hotel,0,2015,July,ESP,2,1,1,82.0
355,Resort Hotel,0,2015,July,PRT,4,1,1,150.0
356,Resort Hotel,0,2015,July,ESP,2,1,1,161.0
357,Resort Hotel,0,2015,July,ESP,2,1,1,64.0
358,Resort Hotel,1,2015,July,PRT,2,1,1,123.0
359,Resort Hotel,0,2015,July,USA,2,1,2,110.0
360,Resort Hotel,0,2015,July,PRT,2,1,2,88.2
361,Resort Hotel,0,2015,July,ESP,2,1,2,130.0
362,Resort Hotel,0,2015,July,PRT,2,1,2,88.2
363,Resort Hotel,0,2015,July,ESP,2,1,2,165.0
364,Resort Hotel,0,2015,July,PRT,1,1,3,114.0
365,Resort Hotel,1,2015,July,PRT,2,1,4,79.5
366,Resort Hotel,1,2015,July,PRT,2,1,4,132.8
367,Resort Hotel,0,2015,July,ESP,2,1,4,120.0
368,Resort Hotel,1,2015,July,PRT,2,1,4,79.5
369,Resort Hotel,0,2015,July,PRT,2,1,4,120.0
370,Resort Hotel,1,2015,July,PRT,2,1,4,144.2
371,Resort Hotel,0,2015,July,PRT,2,1,4,107.2
372,Resort Hotel,1,2015,July,PRT,2,1,4,120.0
373,Resort Hotel,0,2015,July,ESP,2,1,4,120.0
374,Resort Hotel,0,2015,July,PRT,3,1,4,163.8
375,Resort Hotel,1,2015,July,PRT,2,1,5,98.5
376,Resort Hotel,1,2015,July,PRT,2,1,5,130.5
377,Resort Hotel,0,2015,July,PRT,1,1,5,153.0
378,Resort Hotel,0,2015,July,FRA,2,1,5,98.5
379,Resort Hotel,0,2015,July,PRT,2,2,5,119.7
380,Resort Hotel,0,2015,July,PRT,2,2,5,184.6
381,Resort Hotel,0,2015,July,ESP,2,2,5,181.22
382,Resort Hotel,1,2015,July,PRT,2,2,5,100.86
383,Resort Hotel,0,2015,July,ROU,2,1,0,100.2
384,Resort Hotel,0,2015,July,ESP,2,1,3,134.25
385,Resort Hotel,0,2015,July,FIN,2,3,5,96.3
386,Resort Hotel,0,2015,July,GBR,2,3,6,83.09
387,Resort Hotel,1,2015,July,PRT,2,0,1,105.5
388,Resort Hotel,0,2015,July,PRT,1,0,1,134.0
389,Resort Hotel,0,2015,July,PRT,2,0,1,8.0
390,Resort Hotel,0,2015,July,PRT,2,0,2,146.0
391,Resort Hotel,1,2015,July,PRT,2,0,4,126.0
392,Resort Hotel,0,2015,July,ESP,2,0,4,111.15
393,Resort Hotel,0,2015,July,POL,2,0,5,136.2
394,Resort Hotel,0,2015,July,PRT,2,0,5,101.8
395,Resort Hotel,0,2015,July,PRT,2,1,5,127.0
396,Resort Hotel,0,2015,July,PRT,2,1,5,161.5
397,Resort Hotel,0,2015,July,PRT,2,1,5,230.67
398,Resort Hotel,1,2015,July,PRT,1,2,5,65.7
399,Resort Hotel,0,2015,July,ESP,2,2,5,180.0
400,Resort Hotel,0,2015,July,ESP,2,2,5,168.57
401,Resort Hotel,1,2015,July,PRT,2,2,7,107.67
402,Resort Hotel,1,2015,July,PRT,2,2,7,96.9
403,Resort Hotel,0,2015,July,IRL,2,2,7,107.0
404,Resort Hotel,0,2015,July,IRL,2,2,9,73.41
405,Resort Hotel,0,2015,July,SWE,2,4,10,109.9
406,Resort Hotel,0,2015,July,SWE,2,4,10,109.9
407,Resort Hotel,0,2015,July,PRT,3,4,11,187.5
408,Resort Hotel,0,2015,July,PRT,1,0,1,134.0
409,Resort Hotel,1,2015,July,PRT,2,0,3,91.5
410,Resort Hotel,1,2015,July,PRT,2,0,3,132.44
411,Resort Hotel,0,2015,July,POL,2,2,4,106.9
412,Resort Hotel,1,2015,July,PRT,2,2,5,131.86
413,Resort Hotel,0,2015,July,GBR,2,2,6,216.13
414,Resort Hotel,0,2015,July,PRT,2,0,2,107.0
415,Resort Hotel,0,2015,July,PRT,2,0,2,107.0
416,Resort Hotel,0,2015,July,PRT,2,0,2,107.0
417,Resort Hotel,0,2015,July,PRT,2,0,2,107.0
418,Resort Hotel,0,2015,July,PRT,2,0,2,107.0
419,Resort Hotel,0,2015,July,GBR,2,2,7,190.33
420,Resort Hotel,0,2015,July,PRT,2,0,2,107.0
421,Resort Hotel,0,2015,July,PRT,1,0,2,94.0
422,Resort Hotel,1,2015,July,PRT,2,0,2,0.0
423,Resort Hotel,0,2015,July,PRT,2,0,2,98.75
424,Resort Hotel,0,2015,July,PRT,3,0,2,148.23
425,Resort Hotel,0,2015,July,PRT,1,0,2,94.0
426,Resort Hotel,0,2015,July,PRT,2,0,2,107.0
427,Resort Hotel,0,2015,July,PRT,2,0,2,107.0
428,Resort Hotel,0,2015,July,PRT,3,0,2,148.23
429,Resort Hotel,0,2015,July,PRT,1,0,2,0.0
430,Resort Hotel,0,2015,July,PRT,2,0,2,107.0
431,Resort Hotel,0,2015,July,PRT,2,0,2,107.0
432,Resort Hotel,0,2015,July,PRT,2,0,2,107.0
433,Resort Hotel,0,2015,July,PRT,2,0,2,107.0
434,Resort Hotel,0,2015,July,PRT,2,0,2,98.75
435,Resort Hotel,1,2015,July,PRT,2,0,2,195.0
436,Resort Hotel,0,2015,July,DNK,2,0,2,120.6
437,Resort Hotel,0,2015,July,FIN,2,0,1,123.2
438,Resort Hotel,1,2015,July,PRT,1,0,1,112.0
439,Resort Hotel,1,2015,July,PRT,2,0,1,123.2
440,Resort Hotel,0,2015,July,USA,2,0,1,169.0
441,Resort Hotel,0,2015,July,PRT,2,0,2,198.0
442,Resort Hotel,1,2015,July,PRT,2,0,2,103.5
443,Resort Hotel,0,2015,July,PRT,2,0,2,135.6
444,Resort Hotel,0,2015,July,DNK,2,0,2,103.5
445,Resort Hotel,0,2015,July,ESP,2,0,3,184.0
446,Resort Hotel,1,2015,July,PRT,2,0,3,134.0
447,Resort Hotel,1,2015,July,PRT,2,0,3,147.0
448,Resort Hotel,1,2015,July,PRT,2,0,3,151.33
449,Resort Hotel,0,2015,July,ESP,2,0,3,121.33
450,Resort Hotel,0,2015,July,IRL,2,2,3,150.2
451,Resort Hotel,1,2015,July,PRT,2,2,3,139.0
452,Resort Hotel,0,2015,July,IRL,1,2,3,150.2
453,Resort Hotel,0,2015,July,PRT,2,1,3,75.44
454,Resort Hotel,1,2015,July,PRT,2,1,3,135.0
455,Resort Hotel,0,2015,July,PRT,2,2,4,166.0
456,Resort Hotel,1,2015,July,PRT,2,2,4,135.0
457,Resort Hotel,0,2015,July,GBR,2,2,5,130.0
458,Resort Hotel,0,2015,July,PRT,2,2,6,96.3
459,Resort Hotel,0,2015,July,PRT,1,4,10,160.0
460,Resort Hotel,0,2015,July,PRT,2,0,0,0.0
461,Resort Hotel,0,2015,July,PRT,2,0,2,127.25
462,Resort Hotel,0,2015,July,PRT,2,0,2,164.0
463,Resort Hotel,0,2015,July,PRT,2,0,2,144.5
464,Resort Hotel,0,2015,July,PRT,2,0,2,112.0
465,Resort Hotel,1,2015,July,PRT,2,0,2,134.0
466,Resort Hotel,1,2015,July,PRT,2,0,2,127.25
467,Resort Hotel,0,2015,July,ESP,2,0,2,155.5
468,Resort Hotel,1,2015,July,PRT,2,0,2,110.5
469,Resort Hotel,0,2015,July,PRT,2,0,2,144.5
470,Resort Hotel,0,2015,July,ESP,2,0,2,144.5
471,Resort Hotel,0,2015,July,PRT,2,0,2,123.0
472,Resort Hotel,0,2015,July,PRT,2,0,2,120.6
473,Resort Hotel,1,2015,July,PRT,1,0,2,107.6
474,Resort Hotel,1,2015,July,PRT,2,1,2,120.6
475,Resort Hotel,0,2015,July,PRT,2,2,3,107.0
476,Resort Hotel,0,2015,July,PRT,2,2,3,133.75
477,Resort Hotel,0,2015,July,ESP,2,2,3,103.5
478,Resort Hotel,0,2015,July,PRT,1,2,3,84.8
479,Resort Hotel,0,2015,July,PRT,2,2,3,107.0
480,Resort Hotel,0,2015,July,PRT,1,2,3,107.0
481,Resort Hotel,0,2015,July,PRT,1,2,3,84.8
482,Resort Hotel,0,2015,July,PRT,2,2,3,107.0
483,Resort Hotel,0,2015,July,PRT,3,2,3,195.0
484,Resort Hotel,0,2015,July,PRT,2,2,4,164.0
485,Resort Hotel,0,2015,July,ESP,2,2,5,195.0
486,Resort Hotel,0,2015,July,IRL,2,2,5,125.0
487,Resort Hotel,1,2015,July,PRT,2,2,5,195.0
488,Resort Hotel,0,2015,July,PRT,2,2,5,132.3
489,Resort Hotel,0,2015,July,PRT,2,2,5,145.0
490,Resort Hotel,0,2015,July,GBR,2,2,5,92.0
491,Resort Hotel,0,2015,July,PRT,2,2,5,132.3
492,Resort Hotel,0,2015,July,ESP,2,2,6,147.0
493,Resort Hotel,0,2015,July,ESP,2,2,6,167.0
494,Resort Hotel,0,2015,July,FRA,3,2,6,210.0
495,Resort Hotel,0,2015,July,ESP,2,3,7,194.9
496,Resort Hotel,0,2015,July,MOZ,2,1,2,103.5
497,Resort Hotel,0,2015,July,BWA,2,1,2,118.5
498,Resort Hotel,0,2015,July,PRT,2,1,2,192.0
499,Resort Hotel,0,2015,July,GBR,2,1,2,128.27
500,Resort Hotel,0,2015,July,ESP,2,1,2,135.0
501,Resort Hotel,0,2015,July,DEU,2,1,2,126.3
502,Resort Hotel,1,2015,July,PRT,2,1,2,154.0
503,Resort Hotel,0,2015,July,IRL,2,1,2,96.3
504,Resort Hotel,0,2015,July,GBR,2,1,2,126.3
505,Resort Hotel,1,2015,July,PRT,2,0,1,136.0
506,Resort Hotel,0,2015,July,MOZ,2,1,2,118.5
507,Resort Hotel,0,2015,July,ESP,2,1,2,116.33
508,Resort Hotel,0,2015,July,PRT,3,2,2,164.0
509,Resort Hotel,0,2015,July,ESP,2,2,1,147.67
510,Resort Hotel,0,2015,July,PRT,2,2,4,145.0
511,Resort Hotel,0,2015,July,LUX,2,2,4,147.0
512,Resort Hotel,1,2015,July,PRT,2,2,4,168.3
513,Resort Hotel,0,2015,July,PRT,2,2,5,167.0
514,Resort Hotel,0,2015,July,PRT,2,2,5,137.75
515,Resort Hotel,0,2015,July,PRT,2,2,2,145.0
516,Resort Hotel,0,2015,July,PRT,2,2,2,132.6
517,Resort Hotel,1,2015,July,PRT,2,2,2,147.0
518,Resort Hotel,1,2015,July,PRT,2,2,2,157.0
519,Resort Hotel,1,2015,July,PRT,2,2,3,210.0
520,Resort Hotel,0,2015,July,PRT,2,2,3,132.5
521,Resort Hotel,0,2015,July,GBR,2,2,3,98.02
522,Resort Hotel,0,2015,July,PRT,2,2,3,126.0
523,Resort Hotel,0,2015,July,PRT,2,0,1,173.0
524,Resort Hotel,0,2015,July,PRT,2,0,1,249.0
525,Resort Hotel,0,2015,July,PRT,1,1,1,186.5
526,Resort Hotel,0,2015,July,CN,1,2,1,95.0
527,Resort Hotel,0,2015,July,PRT,2,2,5,241.5
528,Resort Hotel,0,2015,July,ESP,2,2,5,177.0
529,Resort Hotel,0,2015,July,PRT,2,2,5,153.73
530,Resort Hotel,0,2015,July,PRT,2,2,5,115.0
531,Resort Hotel,1,2015,July,PRT,2,2,5,127.03
532,Resort Hotel,0,2015,July,PRT,2,2,5,128.25
533,Resort Hotel,0,2015,July,PRT,2,2,5,128.25
534,Resort Hotel,0,2015,July,PRT,2,2,5,115.0
535,Resort Hotel,0,2015,July,ESP,2,2,6,135.0
536,Resort Hotel,1,2015,July,PRT,2,2,6,167.0
537,Resort Hotel,0,2015,July,ESP,2,2,6,135.0
538,Resort Hotel,0,2015,July,IRL,2,4,10,124.5
539,Resort Hotel,0,2015,July,PRT,2,1,0,98.0
540,Resort Hotel,0,2015,July,PRT,2,1,0,98.0
541,Resort Hotel,0,2015,July,NLD,2,1,0,135.0
542,Resort Hotel,0,2015,July,PRT,2,1,0,88.2
543,Resort Hotel,0,2015,July,PRT,2,1,0,120.6
544,Resort Hotel,0,2015,July,PRT,2,2,0,154.5
545,Resort Hotel,1,2015,July,PRT,2,2,1,145.0
546,Resort Hotel,0,2015,July,PRT,2,2,2,92.0
547,Resort Hotel,1,2015,July,PRT,2,2,2,154.0
548,Resort Hotel,0,2015,July,PRT,2,2,3,115.0
549,Resort Hotel,1,2015,July,PRT,1,2,4,110.53
550,Resort Hotel,1,2015,July,PRT,2,2,5,158.5
551,Resort Hotel,0,2015,July,ESP,2,2,5,131.37
552,Resort Hotel,1,2015,July,PRT,2,2,5,117.71
553,Resort Hotel,0,2015,July,GBR,2,2,5,123.0
554,Resort Hotel,1,2015,July,PRT,2,2,5,158.5
555,Resort Hotel,0,2015,July,RUS,2,2,5,117.84
556,Resort Hotel,1,2015,July,PRT,2,2,5,154.0
557,Resort Hotel,0,2015,July,IRL,2,2,5,116.85
558,Resort Hotel,0,2015,July,PRT,2,2,4,129.16
559,Resort Hotel,1,2015,July,PRT,2,2,4,214.0
560,Resort Hotel,1,2015,July,PRT,2,2,4,115.0
561,Resort Hotel,0,2015,July,GBR,2,2,5,123.0
562,Resort Hotel,0,2015,July,IRL,2,2,5,123.0
563,Resort Hotel,1,2015,July,PRT,2,3,5,195.0
564,Resort Hotel,0,2015,July,GBR,2,4,6,135.2
565,Resort Hotel,0,2015,July,GBR,2,4,10,123.0
566,Resort Hotel,0,2015,July,ESP,2,2,4,130.5
567,Resort Hotel,0,2015,July,PRT,1,1,0,123.0
568,Resort Hotel,1,2015,July,PRT,2,1,2,179.1
569,Resort Hotel,0,2015,July,PRT,1,0,0,0.0
570,Resort Hotel,0,2015,July,PRT,2,0,0,0.0
571,Resort Hotel,0,2015,July,PRT,2,1,3,115.0
572,Resort Hotel,0,2015,July,PRT,2,1,3,115.0
573,Resort Hotel,0,2015,July,POL,2,1,3,103.5
574,Resort Hotel,0,2015,July,PRT,2,1,3,157.0
575,Resort Hotel,1,2015,July,PRT,2,1,3,135.0
576,Resort Hotel,0,2015,July,NOR,2,1,3,111.65
577,Resort Hotel,1,2015,July,PRT,2,1,3,135.0
578,Resort Hotel,1,2015,July,PRT,2,1,4,195.0
579,Resort Hotel,0,2015,July,ESP,2,1,4,104.0
580,Resort Hotel,1,2015,July,PRT,2,1,4,135.0
581,Resort Hotel,1,2015,July,PRT,2,1,5,214.0
582,Resort Hotel,0,2015,July,PRT,2,1,5,133.17
583,Resort Hotel,1,2015,July,PRT,2,1,5,141.33
584,Resort Hotel,0,2015,July,GBR,2,2,5,121.01
585,Resort Hotel,1,2015,July,PRT,2,2,5,240.64
586,Resort Hotel,0,2015,July,GBR,2,2,5,167.5
587,Resort Hotel,0,2015,July,PRT,2,2,5,152.43
588,Resort Hotel,0,2015,July,ESP,2,2,5,148.34
589,Resort Hotel,0,2015,July,ESP,2,2,5,167.0
590,Resort Hotel,1,2015,July,PRT,2,2,5,172.93
591,Resort Hotel,1,2015,July,PRT,2,2,5,179.1
592,Resort Hotel,0,2015,July,PRT,2,2,5,192.5
593,Resort Hotel,1,2015,July,PRT,2,3,6,92.0
594,Resort Hotel,1,2015,July,PRT,2,3,6,111.2
595,Resort Hotel,0,2015,July,PRT,2,3,7,141.6
596,Resort Hotel,0,2015,July,PRT,2,3,7,141.6
597,Resort Hotel,0,2015,July,PRT,2,3,7,141.6
598,Resort Hotel,1,2015,July,PRT,2,3,8,200.0
599,Resort Hotel,1,2015,July,PRT,2,3,8,200.0
600,Resort Hotel,1,2015,July,PRT,2,0,2,157.0
601,Resort Hotel,0,2015,July,PRT,1,0,2,99.5
602,Resort Hotel,1,2015,July,PRT,2,0,3,115.0
603,Resort Hotel,1,2015,July,PRT,2,0,4,195.0
604,Resort Hotel,0,2015,July,PRT,2,0,4,103.5
605,Resort Hotel,0,2015,July,PRT,3,0,5,207.0
606,Resort Hotel,0,2015,July,PRT,3,1,5,163.33
607,Resort Hotel,0,2015,July,IRL,2,2,5,151.86
608,Resort Hotel,0,2015,July,CHE,3,2,5,95.57
609,Resort Hotel,0,2015,July,PRT,2,2,6,112.05
610,Resort Hotel,0,2015,July,IRL,2,2,7,160.0
611,Resort Hotel,0,2015,July,GBR,2,2,8,103.18
612,Resort Hotel,0,2015,July,ESP,2,0,1,153.0
613,Resort Hotel,1,2015,July,PRT,2,0,4,119.75
614,Resort Hotel,1,2015,July,PRT,2,0,4,135.0
615,Resort Hotel,0,2015,July,FRA,2,0,4,167.69
616,Resort Hotel,1,2015,July,PRT,2,0,4,195.0
617,Resort Hotel,1,2015,July,PRT,2,0,4,135.0
618,Resort Hotel,1,2015,July,PRT,2,1,4,178.4
619,Resort Hotel,0,2015,July,PRT,2,0,0,0.0
620,Resort Hotel,0,2015,July,PRT,2,0,0,0.0
621,Resort Hotel,0,2015,July,PRT,2,0,1,154.0
622,Resort Hotel,0,2015,July,PRT,2,0,1,134.0
623,Resort Hotel,1,2015,July,PRT,1,0,1,112.0
624,Resort Hotel,0,2015,July,ESP,2,0,3,194.0
625,Resort Hotel,1,2015,July,PRT,2,0,3,153.0
626,Resort Hotel,1,2015,July,PRT,2,0,3,135.0
627,Resort Hotel,0,2015,July,ESP,2,0,3,184.0
628,Resort Hotel,1,2015,July,PRT,2,1,3,210.0
629,Resort Hotel,1,2015,July,PRT,2,1,3,139.0
630,Resort Hotel,0,2015,July,CN,2,2,3,101.46
631,Resort Hotel,1,2015,July,PRT,2,2,4,145.0
632,Resort Hotel,1,2015,July,PRT,2,1,3,173.0
633,Resort Hotel,0,2015,July,ROU,3,2,6,217.05
634,Resort Hotel,0,2015,July,ESP,2,0,2,164.0
635,Resort Hotel,0,2015,July,BRA,2,0,2,173.0
636,Resort Hotel,1,2015,July,PRT,2,0,1,112.5
637,Resort Hotel,0,2015,July,ESP,2,0,2,153.0
638,Resort Hotel,0,2015,July,ESP,2,0,2,173.0
639,Resort Hotel,0,2015,July,ESP,2,0,2,153.0
640,Resort Hotel,0,2015,July,PRT,2,0,2,134.0
641,Resort Hotel,0,2015,July,ESP,2,0,2,153.0
642,Resort Hotel,1,2015,July,PRT,2,0,2,233.0
643,Resort Hotel,0,2015,July,ESP,2,0,2,154.0
644,Resort Hotel,0,2015,July,BRA,2,0,2,173.0
645,Resort Hotel,1,2015,July,PRT,2,0,2,135.0
646,Resort Hotel,1,2015,July,PRT,2,0,2,132.5
647,Resort Hotel,0,2015,July,RUS,3,1,2,222.67
648,Resort Hotel,1,2015,July,PRT,2,0,2,135.0
649,Resort Hotel,0,2015,July,ESP,2,0,2,107.0
650,Resort Hotel,1,2015,July,PRT,2,1,2,127.0
651,Resort Hotel,1,2015,July,PRT,2,2,2,135.0
652,Resort Hotel,0,2015,July,SVN,2,2,2,149.7
653,Resort Hotel,1,2015,July,PRT,2,2,2,161.25
654,Resort Hotel,0,2015,July,ALB,2,2,2,107.0
655,Resort Hotel,0,2015,July,GBR,2,2,3,75.44
656,Resort Hotel,0,2015,July,GBR,2,2,3,75.44
657,Resort Hotel,0,2015,July,PRT,2,2,5,115.0
658,Resort Hotel,1,2015,July,PRT,2,2,5,159.2
659,Resort Hotel,1,2015,July,PRT,2,2,5,163.29
660,Resort Hotel,1,2015,July,PRT,2,2,6,210.0
661,Resort Hotel,0,2015,July,PRT,2,2,6,154.0
662,Resort Hotel,0,2015,July,ESP,2,2,7,166.0
663,Resort Hotel,0,2015,July,GBR,2,3,7,132.5
664,Resort Hotel,1,2015,July,PRT,2,3,7,107.0
665,Resort Hotel,1,2015,July,PRT,3,4,10,121.98
666,Resort Hotel,0,2015,July,PRT,2,0,0,0.0
667,Resort Hotel,0,2015,July,PRT,2,2,1,133.0
668,Resort Hotel,0,2015,July,ESP,2,0,1,107.0
669,Resort Hotel,0,2015,July,ESP,2,0,1,117.81
670,Resort Hotel,0,2015,July,ESP,2,0,1,107.0
671,Resort Hotel,1,2015,July,PRT,2,0,1,120.6
672,Resort Hotel,0,2015,July,PRT,2,1,1,147.0
673,Resort Hotel,1,2015,July,PRT,2,1,1,153.0
674,Resort Hotel,1,2015,July,PRT,2,1,1,153.0
675,Resort Hotel,1,2015,July,PRT,2,1,1,134.0
676,Resort Hotel,0,2015,July,ESP,2,1,1,153.0
677,Resort Hotel,0,2015,July,PRT,2,2,1,118.0
678,Resort Hotel,0,2015,July,GBR,2,2,2,134.0
679,Resort Hotel,0,2015,July,PRT,2,2,3,135.0
680,Resort Hotel,0,2015,July,ESP,2,2,3,158.77
681,Resort Hotel,0,2015,July,ESP,2,2,3,134.0
682,Resort Hotel,1,2015,July,PRT,2,2,3,134.0
683,Resort Hotel,0,2015,July,PRT,2,2,3,142.03
684,Resort Hotel,0,2015,July,PRT,2,2,3,240.0
685,Resort Hotel,0,2015,July,IRL,2,2,4,134.0
686,Resort Hotel,1,2015,July,PRT,2,2,4,134.0
687,Resort Hotel,0,2015,July,PRT,2,2,5,147.0
688,Resort Hotel,0,2015,July,PRT,2,2,5,176.0
689,Resort Hotel,1,2015,July,PRT,2,2,5,120.6
690,Resort Hotel,1,2015,July,PRT,2,2,5,166.0
691,Resort Hotel,1,2015,July,PRT,2,2,5,134.0
692,Resort Hotel,0,2015,July,PRT,2,2,5,147.0
693,Resort Hotel,0,2015,July,PRT,2,2,5,167.0
694,Resort Hotel,0,2015,July,PRT,2,2,5,107.2
695,Resort Hotel,1,2015,July,PRT,1,2,6,131.63
696,Resort Hotel,0,2015,July,GBR,3,2,6,233.05
697,Resort Hotel,0,2015,July,GBR,2,2,6,90.12
698,Resort Hotel,1,2015,July,PRT,2,3,6,120.6
699,Resort Hotel,1,2015,July,PRT,1,3,6,125.0
700,Resort Hotel,1,2015,July,PRT,2,3,6,154.0
701,Resort Hotel,0,2015,July,PRT,2,4,6,120.6
702,Resort Hotel,0,2015,July,IRL,2,4,8,114.25
703,Resort Hotel,1,2015,July,PRT,2,4,10,107.0
704,Resort Hotel,0,2015,July,PRT,2,2,5,88.55
705,Resort Hotel,1,2015,July,PRT,2,2,5,149.0
706,Resort Hotel,0,2015,July,PRT,3,2,5,195.0
707,Resort Hotel,1,2015,July,PRT,2,2,5,164.0
708,Resort Hotel,1,2015,July,PRT,2,2,2,154.0
709,Resort Hotel,1,2015,July,PRT,2,2,3,120.6
710,Resort Hotel,0,2015,July,ESP,2,2,1,103.5
711,Resort Hotel,0,2015,July,CN,2,2,1,115.0
712,Resort Hotel,1,2015,July,PRT,2,2,4,95.02
713,Resort Hotel,1,2015,July,PRT,2,2,4,132.5
714,Resort Hotel,0,2015,July,PRT,3,2,3,209.0
715,Resort Hotel,1,2015,July,PRT,2,2,4,95.02
716,Resort Hotel,1,2015,July,PRT,2,2,4,132.5
717,Resort Hotel,0,2015,July,ESP,2,2,5,180.0
718,Resort Hotel,0,2015,July,RUS,2,2,0,103.18
719,Resort Hotel,0,2015,July,PRT,2,2,5,174.01
720,Resort Hotel,1,2015,July,PRT,2,3,5,133.0
721,Resort Hotel,1,2015,July,PRT,2,3,5,133.0
722,Resort Hotel,0,2015,July,GBR,2,2,5,107.2
723,Resort Hotel,0,2015,July,PRT,2,0,0,0.0
724,Resort Hotel,1,2015,July,PRT,2,1,1,210.0
725,Resort Hotel,0,2015,July,PRT,2,1,1,145.0
726,Resort Hotel,1,2015,July,PRT,2,1,1,195.0
727,Resort Hotel,1,2015,July,PRT,1,1,1,124.2
728,Resort Hotel,1,2015,July,PRT,2,1,1,167.0
729,Resort Hotel,0,2015,July,PRT,2,1,2,145.0
730,Resort Hotel,0,2015,July,PRT,2,1,2,166.0
731,Resort Hotel,0,2015,July,ESP,2,1,2,115.0
732,Resort Hotel,0,2015,July,PRT,2,1,2,166.0
733,Resort Hotel,1,2015,July,PRT,2,1,3,120.6
734,Resort Hotel,0,2015,July,ESP,2,1,3,162.0
735,Resort Hotel,0,2015,July,PRT,2,1,3,153.0
736,Resort Hotel,0,2015,July,ESP,2,1,3,133.2
737,Resort Hotel,0,2015,July,PRT,2,1,3,134.0
738,Resort Hotel,0,2015,July,ESP,2,1,3,107.0
739,Resort Hotel,0,2015,July,PRT,2,1,3,145.0
740,Resort Hotel,0,2015,July,ESP,2,1,3,145.0
741,Resort Hotel,1,2015,July,PRT,2,1,3,107.0
742,Resort Hotel,0,2015,July,PRT,2,1,3,167.2
743,Resort Hotel,1,2015,July,PRT,2,1,3,134.0
744,Resort Hotel,0,2015,July,PRT,2,1,3,130.0
745,Resort Hotel,1,2015,July,PRT,2,1,3,164.0
746,Resort Hotel,0,2015,July,PRT,2,1,3,149.0
747,Resort Hotel,0,2015,July,PRT,2,1,4,154.0
748,Resort Hotel,0,2015,July,PRT,2,1,4,195.0
749,Resort Hotel,1,2015,July,PRT,2,1,4,134.0
750,Resort Hotel,0,2015,July,PRT,2,1,4,107.2
751,Resort Hotel,1,2015,July,PRT,2,1,4,164.0
752,Resort Hotel,1,2015,July,PRT,3,1,5,183.45
753,Resort Hotel,0,2015,July,ESP,2,1,5,159.6
754,Resort Hotel,0,2015,July,PRT,2,1,5,120.6
755,Resort Hotel,1,2015,July,PRT,2,2,5,164.0
756,Resort Hotel,1,2015,July,PRT,2,2,5,219.43
757,Resort Hotel,1,2015,July,PRT,2,2,5,134.0
758,Resort Hotel,1,2015,July,PRT,2,2,5,164.0
759,Resort Hotel,0,2015,July,GBR,2,2,5,107.2
760,Resort Hotel,0,2015,July,GBR,2,2,5,102.72
761,Resort Hotel,0,2015,July,GBR,2,0,1,114.85
762,Resort Hotel,0,2015,July,USA,2,0,1,114.85
763,Resort Hotel,0,2015,July,PRT,2,0,2,135.0
764,Resort Hotel,1,2015,July,PRT,2,0,3,195.0
765,Resort Hotel,1,2015,July,PRT,2,0,3,173.0
766,Resort Hotel,0,2015,July,ESP,2,0,4,107.0
767,Resort Hotel,0,2015,July,RUS,2,0,4,107.0
768,Resort Hotel,0,2015,July,PRT,2,0,4,164.0
769,Resort Hotel,0,2015,July,PRT,2,0,5,138.8
770,Resort Hotel,1,2015,July,PRT,2,0,5,154.0
771,Resort Hotel,0,2015,July,ESP,2,0,5,135.0
772,Resort Hotel,0,2015,July,NOR,2,1,5,103.18
773,Resort Hotel,1,2015,July,PRT,2,2,6,115.5
774,Resort Hotel,0,2015,July,USA,2,2,8,90.95
775,Resort Hotel,0,2015,July,PRT,2,0,0,0.0
776,Resort Hotel,1,2015,July,PRT,2,0,4,108.54
777,Resort Hotel,0,2015,July,PRT,2,0,4,146.0
778,Resort Hotel,1,2015,July,PRT,2,1,4,165.4
779,Resort Hotel,0,2015,July,GBR,2,1,4,134.0
780,Resort Hotel,1,2015,July,PRT,2,1,4,133.0
781,Resort Hotel,1,2015,July,PRT,3,1,4,240.0
782,Resort Hotel,0,2015,July,PRT,2,1,4,157.0
783,Resort Hotel,0,2015,July,PRT,2,0,1,188.0
784,Resort Hotel,1,2015,July,PRT,2,1,4,133.0
785,Resort Hotel,0,2015,July,PRT,2,1,4,145.0
786,Resort Hotel,0,2015,July,GBR,2,1,4,134.0
787,Resort Hotel,1,2015,July,PRT,2,1,4,134.0
788,Resort Hotel,1,2015,July,PRT,2,1,4,186.0
789,Resort Hotel,0,2015,July,GBR,2,2,5,90.95
790,Resort Hotel,1,2015,July,PRT,2,2,5,141.65
791,Resort Hotel,1,2015,July,PRT,2,2,5,99.24
792,Resort Hotel,0,2015,July,GBR,2,2,4,108.06
793,Resort Hotel,1,2015,July,PRT,2,2,5,90.95
794,Resort Hotel,1,2015,July,PRT,2,2,6,148.63
795,Resort Hotel,1,2015,July,PRT,2,0,1,173.0
796,Resort Hotel,0,2015,July,ESP,1,0,1,107.0
797,Resort Hotel,1,2015,July,PRT,1,0,1,114.0
798,Resort Hotel,1,2015,July,PRT,2,0,1,153.0
799,Resort Hotel,0,2015,July,GBR,2,0,2,153.0
800,Resort Hotel,0,2015,July,PRT,3,0,3,250.33
801,Resort Hotel,1,2015,July,PRT,2,0,3,146.67
802,Resort Hotel,1,2015,July,PRT,2,0,3,154.0
803,Resort Hotel,1,2015,July,PRT,2,0,3,120.6
804,Resort Hotel,0,2015,July,ESP,2,0,3,280.74
805,Resort Hotel,0,2015,July,BRA,2,1,3,193.0
806,Resort Hotel,1,2015,July,PRT,2,0,3,146.67
807,Resort Hotel,1,2015,July,PRT,2,0,3,154.0
808,Resort Hotel,1,2015,July,PRT,2,1,3,154.5
809,Resort Hotel,1,2015,July,PRT,2,1,3,120.6
810,Resort Hotel,1,2015,July,PRT,2,2,3,137.8
811,Resort Hotel,0,2015,July,PRT,2,2,7,160.0
812,Resort Hotel,0,2015,July,CHE,2,2,7,125.89
813,Resort Hotel,0,2015,July,CHE,2,2,7,125.89
814,Resort Hotel,1,2015,July,PRT,2,2,5,126.71
815,Resort Hotel,0,2015,July,PRT,1,0,0,0.0
816,Resort Hotel,0,2015,July,PRT,2,0,0,0.0
817,Resort Hotel,0,2015,July,PRT,2,0,1,188.0
818,Resort Hotel,1,2015,July,PRT,2,0,1,153.0
819,Resort Hotel,1,2015,July,PRT,2,0,1,173.0
820,Resort Hotel,1,2015,July,PRT,2,0,1,173.0
821,Resort Hotel,0,2015,July,PRT,1,0,2,120.0
822,Resort Hotel,1,2015,July,PRT,2,0,2,154.8
823,Resort Hotel,0,2015,July,PRT,2,0,2,192.0
824,Resort Hotel,1,2015,July,PRT,2,0,2,153.0
825,Resort Hotel,1,2015,July,PRT,2,0,2,120.6
826,Resort Hotel,0,2015,July,PRT,2,0,2,192.0
827,Resort Hotel,1,2015,July,PRT,2,0,2,120.6
828,Resort Hotel,1,2015,July,PRT,2,0,2,164.0
829,Resort Hotel,0,2015,July,PRT,2,0,2,219.5
830,Resort Hotel,0,2015,July,PRT,2,0,2,192.5
831,Resort Hotel,1,2015,July,PRT,2,1,2,149.7
832,Resort Hotel,1,2015,July,PRT,2,1,2,111.92
833,Resort Hotel,1,2015,July,PRT,2,1,2,120.6
834,Resort Hotel,1,2015,July,PRT,2,1,2,149.7
835,Resort Hotel,1,2015,July,PRT,2,1,2,173.0
836,Resort Hotel,1,2015,July,PRT,2,1,2,112.0
837,Resort Hotel,0,2015,July,IRL,1,2,2,57.6
838,Resort Hotel,0,2015,July,PRT,2,2,2,214.0
839,Resort Hotel,1,2015,July,PRT,2,2,2,172.0
840,Resort Hotel,0,2015,July,NLD,1,2,3,157.8
841,Resort Hotel,0,2015,July,BEL,2,2,4,170.33
842,Resort Hotel,0,2015,July,IRL,2,3,7,119.25
843,Resort Hotel,0,2015,August,PRT,2,1,1,96.3
844,Resort Hotel,1,2015,August,PRT,2,2,1,118.06
845,Resort Hotel,1,2015,August,PRT,2,2,1,118.06
846,Resort Hotel,1,2015,August,PRT,2,0,1,154.0
847,Resort Hotel,1,2015,August,PRT,2,0,1,202.0
848,Resort Hotel,1,2015,August,PRT,2,0,1,134.0
849,Resort Hotel,1,2015,August,PRT,2,0,1,202.0
850,Resort Hotel,1,2015,August,PRT,2,0,1,252.0
851,Resort Hotel,1,2015,August,PRT,2,0,1,233.0
852,Resort Hotel,0,2015,August,PRT,2,0,1,211.0
853,Resort Hotel,1,2015,August,PRT,2,0,1,211.0
854,Resort Hotel,1,2015,August,PRT,2,2,3,237.0
855,Resort Hotel,0,2015,August,ESP,2,2,5,188.29
856,Resort Hotel,1,2015,August,PRT,2,2,4,120.6
857,Resort Hotel,1,2015,August,PRT,2,2,5,177.14
858,Resort Hotel,1,2015,August,PRT,2,2,5,222.14
859,Resort Hotel,1,2015,August,PRT,2,2,5,127.82
860,Resort Hotel,1,2015,August,PRT,2,2,5,194.14
861,Resort Hotel,1,2015,August,PRT,2,2,5,120.6
862,Resort Hotel,1,2015,August,PRT,2,2,5,144.53
863,Resort Hotel,0,2015,August,PRT,3,2,5,185.0
864,Resort Hotel,1,2015,August,PRT,2,2,6,96.3
865,Resort Hotel,0,2015,August,PRT,2,2,6,193.13
866,Resort Hotel,1,2015,August,PRT,2,3,6,210.78
867,Resort Hotel,1,2015,August,PRT,2,4,6,169.0
868,Resort Hotel,1,2015,August,PRT,2,4,6,174.7
869,Resort Hotel,1,2015,August,PRT,2,4,10,135.53
870,Resort Hotel,0,2015,August,PRT,1,4,10,172.0
871,Resort Hotel,1,2015,August,PRT,2,1,0,144.0
872,Resort Hotel,1,2015,August,PRT,2,2,0,162.5
873,Resort Hotel,1,2015,August,PRT,2,2,3,209.6
874,Resort Hotel,1,2015,August,PRT,2,2,3,209.6
875,Resort Hotel,0,2015,August,PRT,3,2,5,195.5
876,Resort Hotel,0,2015,August,PRT,2,2,4,186.0
877,Resort Hotel,0,2015,August,PRT,2,2,4,163.5
878,Resort Hotel,0,2015,August,PRT,2,2,5,180.28
879,Resort Hotel,0,2015,August,ESP,2,2,5,174.76
880,Resort Hotel,0,2015,August,IRL,2,4,5,116.85
881,Resort Hotel,0,2015,August,PRT,2,2,5,159.0
882,Resort Hotel,1,2015,August,PRT,2,4,10,104.55
883,Resort Hotel,0,2015,August,PRT,2,0,0,0.0
884,Resort Hotel,0,2015,August,PRT,2,1,0,144.76
885,Resort Hotel,1,2015,August,PRT,2,1,1,205.0
886,Resort Hotel,1,2015,August,PRT,2,1,3,123.0
887,Resort Hotel,1,2015,August,PRT,2,1,4,173.0
888,Resort Hotel,1,2015,August,PRT,2,1,4,220.55
889,Resort Hotel,0,2015,August,IRL,2,2,5,162.14
890,Resort Hotel,1,2015,August,PRT,2,2,5,119.7
891,Resort Hotel,0,2015,August,GBR,1,2,5,77.54
892,Resort Hotel,1,2015,August,PRT,2,2,5,120.6
893,Resort Hotel,1,2015,August,PRT,2,2,5,153.0
894,Resort Hotel,0,2015,August,PRT,2,0,0,0.0
895,Resort Hotel,0,2015,August,PRT,2,0,0,0.0
896,Resort Hotel,0,2015,August,PRT,2,0,1,172.0
897,Resort Hotel,1,2015,August,PRT,1,0,3,221.0
898,Resort Hotel,1,2015,August,PRT,2,0,3,153.0
899,Resort Hotel,0,2015,August,PRT,2,0,4,230.5
900,Resort Hotel,0,2015,August,PRT,2,0,4,230.5
901,Resort Hotel,1,2015,August,PRT,2,0,4,211.0
902,Resort Hotel,0,2015,August,ESP,2,0,5,241.0
903,Resort Hotel,1,2015,August,PRT,2,1,5,211.0
904,Resort Hotel,0,2015,August,ESP,2,2,5,90.95
905,Resort Hotel,0,2015,August,ESP,2,2,5,188.29
906,Resort Hotel,0,2015,August,PRT,2,2,5,90.95
907,Resort Hotel,0,2015,August,RUS,2,2,8,187.8
908,Resort Hotel,0,2015,August,PRT,3,0,0,0.0
909,Resort Hotel,0,2015,August,PRT,2,0,0,0.0
910,Resort Hotel,1,2015,August,PRT,2,0,1,172.0
911,Resort Hotel,0,2015,August,ESP,2,0,1,171.9
912,Resort Hotel,0,2015,August,PRT,2,0,1,200.0
913,Resort Hotel,1,2015,August,PRT,2,0,3,149.4
914,Resort Hotel,1,2015,August,PRT,2,0,4,154.0
915,Resort Hotel,0,2015,August,ESP,2,0,4,148.25
916,Resort Hotel,0,2015,August,PRT,2,0,4,172.0
917,Resort Hotel,1,2015,August,PRT,2,1,4,183.0
918,Resort Hotel,1,2015,August,PRT,2,1,4,242.6
919,Resort Hotel,0,2015,August,PRT,3,0,4,172.0
920,Resort Hotel,0,2015,August,PRT,2,2,5,168.71
921,Resort Hotel,1,2015,August,PRT,2,2,6,166.0
922,Resort Hotel,1,2015,August,PRT,1,0,1,112.0
923,Resort Hotel,0,2015,August,FRA,2,0,1,172.0
924,Resort Hotel,1,2015,August,PRT,2,0,3,120.6
925,Resort Hotel,0,2015,August,PRT,2,0,3,126.0
926,Resort Hotel,0,2015,August,ESP,2,0,3,268.0
927,Resort Hotel,0,2015,August,PRT,2,1,3,173.0
928,Resort Hotel,0,2015,August,GBR,2,2,3,149.2
929,Resort Hotel,0,2015,August,PRT,2,2,3,217.2
930,Resort Hotel,1,2015,August,PRT,3,1,3,239.3
931,Resort Hotel,0,2015,August,ROU,2,2,4,181.5
932,Resort Hotel,0,2015,August,RUS,2,2,6,154.0
933,Resort Hotel,0,2015,August,ESP,2,2,6,173.0
934,Resort Hotel,0,2015,August,IRL,3,2,8,181.9
935,Resort Hotel,0,2015,August,PRT,2,0,0,0.0
936,Resort Hotel,0,2015,August,PRT,2,0,1,114.0
937,Resort Hotel,1,2015,August,PRT,2,0,2,267.0
938,Resort Hotel,0,2015,August,IND,2,0,2,226.0
939,Resort Hotel,1,2015,August,PRT,2,0,2,173.0
940,Resort Hotel,0,2015,August,PRT,2,0,2,211.0
941,Resort Hotel,0,2015,August,GBR,2,0,2,191.0
942,Resort Hotel,1,2015,August,PRT,2,1,2,173.0
943,Resort Hotel,0,2015,August,PRT,2,1,2,173.0
944,Resort Hotel,1,2015,August,PRT,2,2,2,277.5
945,Resort Hotel,0,2015,August,PRT,2,2,2,134.0
946,Resort Hotel,1,2015,August,PRT,2,2,2,153.0
947,Resort Hotel,1,2015,August,PRT,2,2,2,186.0
948,Resort Hotel,0,2015,August,ESP,2,2,2,107.2
949,Resort Hotel,0,2015,August,IRL,2,2,3,221.0
950,Resort Hotel,1,2015,August,PRT,2,2,4,202.0
951,Resort Hotel,1,2015,August,PRT,2,2,5,169.0
952,Resort Hotel,0,2015,August,PRT,2,2,5,133.5
953,Resort Hotel,1,2015,August,PRT,2,2,5,154.38
954,Resort Hotel,1,2015,August,PRT,2,2,5,154.38
955,Resort Hotel,0,2015,August,PRT,2,2,5,205.0
956,Resort Hotel,0,2015,August,NLD,2,2,7,121.39
957,Resort Hotel,0,2015,August,CHN,2,0,1,171.9
958,Resort Hotel,1,2015,August,PRT,2,0,1,164.0
959,Resort Hotel,1,2015,August,PRT,2,1,1,134.0
960,Resort Hotel,0,2015,August,CHE,2,1,1,250.0
961,Resort Hotel,0,2015,August,ESP,2,1,1,208.0
962,Resort Hotel,1,2015,August,PRT,2,1,1,181.0
963,Resort Hotel,0,2015,August,PRT,2,2,1,172.0
964,Resort Hotel,0,2015,August,USA,2,2,1,157.59
965,Resort Hotel,0,2015,August,ESP,2,2,2,211.75
966,Resort Hotel,0,2015,August,FRA,2,2,2,246.0
967,Resort Hotel,1,2015,August,PRT,2,2,2,108.54
968,Resort Hotel,1,2015,August,PRT,2,2,4,186.0
969,Resort Hotel,1,2015,August,PRT,2,2,5,205.0
970,Resort Hotel,1,2015,August,PRT,2,2,5,154.0
971,Resort Hotel,1,2015,August,PRT,2,2,5,200.71
972,Resort Hotel,0,2015,August,PRT,2,2,5,252.0
973,Resort Hotel,1,2015,August,PRT,2,2,5,135.2
974,Resort Hotel,0,2015,August,PRT,2,2,5,276.43
975,Resort Hotel,1,2015,August,PRT,2,2,5,228.0
976,Resort Hotel,0,2015,August,PRT,2,2,5,133.0
977,Resort Hotel,1,2015,August,PRT,2,2,5,205.0
978,Resort Hotel,1,2015,August,PRT,2,2,5,134.0
979,Resort Hotel,1,2015,August,PRT,2,2,5,119.7
980,Resort Hotel,0,2015,August,IRL,2,2,5,90.95
981,Resort Hotel,0,2015,August,PRT,2,2,5,138.0
982,Resort Hotel,1,2015,August,PRT,2,2,5,134.0
983,Resort Hotel,1,2015,August,PRT,1,2,6,173.0
984,Resort Hotel,0,2015,August,FRA,2,4,9,165.69
985,Resort Hotel,0,2015,August,PRT,2,1,0,195.0
986,Resort Hotel,0,2015,August,PRT,2,1,0,127.31
987,Resort Hotel,0,2015,August,PRT,2,1,0,134.0
988,Resort Hotel,1,2015,August,PRT,2,2,0,207.0
989,Resort Hotel,1,2015,August,PRT,2,2,0,211.5
990,Resort Hotel,0,2015,August,FRA,2,2,1,210.33
991,Resort Hotel,0,2015,August,USA,2,2,2,211.0
992,Resort Hotel,0,2015,August,CN,2,2,2,154.0
993,Resort Hotel,1,2015,August,PRT,2,2,3,145.4
994,Resort Hotel,1,2015,August,PRT,1,2,3,101.25
995,Resort Hotel,0,2015,August,MEX,2,2,4,179.38
996,Resort Hotel,1,2015,August,PRT,2,2,4,166.0
997,Resort Hotel,1,2015,August,PRT,2,2,4,202.0
998,Resort Hotel,1,2015,August,PRT,2,2,4,172.0
999,Resort Hotel,0,2015,August,ESP,2,2,4,277.0
1000,Resort Hotel,0,2015,August,GBR,2,2,5,104.0
